-- MySQL Script generated by MySQL Workbench
-- Thu Apr  8 17:53:02 2021
-- Model: New Model    Version: 1.0
-- MySQL Workbench Forward Engineering

SET @OLD_UNIQUE_CHECKS=@@UNIQUE_CHECKS, UNIQUE_CHECKS=0;
SET @OLD_FOREIGN_KEY_CHECKS=@@FOREIGN_KEY_CHECKS, FOREIGN_KEY_CHECKS=0;
SET @OLD_SQL_MODE=@@SQL_MODE, SQL_MODE='ONLY_FULL_GROUP_BY,STRICT_TRANS_TABLES,NO_ZERO_IN_DATE,NO_ZERO_DATE,ERROR_FOR_DIVISION_BY_ZERO,NO_ENGINE_SUBSTITUTION';

-- -----------------------------------------------------
-- Schema Toppick_Schema
-- -----------------------------------------------------
DROP SCHEMA IF EXISTS `Toppick_Schema` ;

-- -----------------------------------------------------
-- Schema Toppick_Schema
-- -----------------------------------------------------
CREATE SCHEMA IF NOT EXISTS `Toppick_Schema` DEFAULT CHARACTER SET utf8 ;
USE `Toppick_Schema` ;

-- -----------------------------------------------------
-- Table `Toppick_Schema`.`Usuario`
-- -----------------------------------------------------
DROP TABLE IF EXISTS `Toppick_Schema`.`Usuario` ;

CREATE TABLE IF NOT EXISTS `Toppick_Schema`.`Usuario` (
  `nombreUsuario` VARCHAR(20) NOT NULL,
  `contraseña` VARCHAR(16) NOT NULL,
  PRIMARY KEY (`nombreUsuario`, `contraseña`),
  UNIQUE INDEX `nombreUsuario_UNIQUE` (`nombreUsuario` ASC))
ENGINE = InnoDB;


-- -----------------------------------------------------
-- Table `Toppick_Schema`.`Cliente`
-- -----------------------------------------------------
DROP TABLE IF EXISTS `Toppick_Schema`.`Cliente` ;

CREATE TABLE IF NOT EXISTS `Toppick_Schema`.`Cliente` (
  `IdCliente` INT NOT NULL AUTO_INCREMENT,
  `Usuario_nombreUsuario` VARCHAR(20) NOT NULL,
  `Usuario_contraseña` VARCHAR(16) NOT NULL,
  `nombreCompleto` VARCHAR(30) NOT NULL,
  `tipoDocumento` VARCHAR(2) NOT NULL,
  `idDocumento` BIGINT(11) NOT NULL,
  `correoElectronico` VARCHAR(40) NOT NULL COMMENT 'Create email constraint',
  `celular` BIGINT(11) NOT NULL,
  PRIMARY KEY (`IdCliente`, `Usuario_nombreUsuario`, `Usuario_contraseña`),
  UNIQUE INDEX `IdCliente_UNIQUE` (`IdCliente` ASC),
  INDEX `fk_Cliente_Usuario_idx` (`Usuario_nombreUsuario` ASC, `Usuario_contraseña` ASC),
  UNIQUE INDEX `Usuario_nombreUsuario_UNIQUE` (`Usuario_nombreUsuario` ASC),
  UNIQUE INDEX `correoElectronico_UNIQUE` (`correoElectronico` ASC),
  UNIQUE INDEX `celular_UNIQUE` (`celular` ASC),
  CONSTRAINT `fk_Cliente_Usuario`
    FOREIGN KEY (`Usuario_nombreUsuario` , `Usuario_contraseña`)
    REFERENCES `Toppick_Schema`.`Usuario` (`nombreUsuario` , `contraseña`)
    ON DELETE NO ACTION
    ON UPDATE NO ACTION)
ENGINE = InnoDB;


-- -----------------------------------------------------
-- Table `Toppick_Schema`.`MétodoDePago`
-- -----------------------------------------------------
DROP TABLE IF EXISTS `Toppick_Schema`.`MétodoDePago` ;

CREATE TABLE IF NOT EXISTS `Toppick_Schema`.`MétodoDePago` (
  `Cliente_IdCliente` INT NOT NULL,
  `idMetodo` INT NOT NULL,
  PRIMARY KEY (`Cliente_IdCliente`, `idMetodo`),
  INDEX `fk_MétodoDePago_Cliente` (`Cliente_IdCliente` ASC),
  CONSTRAINT `fk_MétodoDePago_Cliente`
    FOREIGN KEY (`Cliente_IdCliente`)
    REFERENCES `Toppick_Schema`.`Cliente` (`IdCliente`)
    ON DELETE NO ACTION
    ON UPDATE NO ACTION)
ENGINE = InnoDB;


-- -----------------------------------------------------
-- Table `Toppick_Schema`.`Nequi`
-- -----------------------------------------------------
DROP TABLE IF EXISTS `Toppick_Schema`.`Nequi` ;

CREATE TABLE IF NOT EXISTS `Toppick_Schema`.`Nequi` (
  `MétodoDePago_Cliente_IdCliente` INT NOT NULL,
  `numeroCelular` BIGINT(11) NOT NULL,
  PRIMARY KEY (`numeroCelular`),
  INDEX `fk_Nequi_MétodoDePago_idx` (`MétodoDePago_Cliente_IdCliente` ASC),
  CONSTRAINT `fk_Nequi_MétodoDePago`
    FOREIGN KEY (`MétodoDePago_Cliente_IdCliente`)
    REFERENCES `Toppick_Schema`.`MétodoDePago` (`Cliente_IdCliente`)
    ON DELETE NO ACTION
    ON UPDATE NO ACTION)
ENGINE = InnoDB;


-- -----------------------------------------------------
-- Table `Toppick_Schema`.`PSE`
-- -----------------------------------------------------
DROP TABLE IF EXISTS `Toppick_Schema`.`PSE` ;

CREATE TABLE IF NOT EXISTS `Toppick_Schema`.`PSE` (
  `MétodoDePago_Cliente_IdCliente` INT NOT NULL,
  `numeroCuenta` BIGINT(12) NOT NULL,
  PRIMARY KEY (`numeroCuenta`),
  INDEX `fk_PSE_MétodoDePago_idx` (`MétodoDePago_Cliente_IdCliente` ASC),
  CONSTRAINT `fk_PSE_MétodoDePago`
    FOREIGN KEY (`MétodoDePago_Cliente_IdCliente`)
    REFERENCES `Toppick_Schema`.`MétodoDePago` (`Cliente_IdCliente`)
    ON DELETE NO ACTION
    ON UPDATE NO ACTION)
ENGINE = InnoDB;


-- -----------------------------------------------------
-- Table `Toppick_Schema`.`Daviplata`
-- -----------------------------------------------------
DROP TABLE IF EXISTS `Toppick_Schema`.`Daviplata` ;

CREATE TABLE IF NOT EXISTS `Toppick_Schema`.`Daviplata` (
  `MétodoDePago_Cliente_IdCliente` INT NOT NULL,
  `numeroCelular` BIGINT(11) NOT NULL,
  PRIMARY KEY (`numeroCelular`),
  INDEX `fk_Daviplata_MétodoDePago_idx` (`MétodoDePago_Cliente_IdCliente` ASC),
  CONSTRAINT `fk_Daviplata_MétodoDePago`
    FOREIGN KEY (`MétodoDePago_Cliente_IdCliente`)
    REFERENCES `Toppick_Schema`.`MétodoDePago` (`Cliente_IdCliente`)
    ON DELETE NO ACTION
    ON UPDATE NO ACTION)
ENGINE = InnoDB;


-- -----------------------------------------------------
-- Table `Toppick_Schema`.`Producto`
-- -----------------------------------------------------
DROP TABLE IF EXISTS `Toppick_Schema`.`Producto` ;

CREATE TABLE IF NOT EXISTS `Toppick_Schema`.`Producto` (
  `idProducto` INT NOT NULL AUTO_INCREMENT,
  `nombreProducto` VARCHAR(60) NOT NULL,
  `precio` INT(6) NOT NULL,
  `tiempoPreparacion` INT(2) NOT NULL,
  `calificacion` FLOAT NULL,
  `urlImagen` VARCHAR(100) NULL DEFAULT NULL,
  `categoria` VARCHAR(18) NOT NULL,
  PRIMARY KEY (`idProducto`),
  UNIQUE INDEX `idProducto_UNIQUE` (`idProducto` ASC))
ENGINE = InnoDB;


-- -----------------------------------------------------
-- Table `Toppick_Schema`.`Otros`
-- -----------------------------------------------------
DROP TABLE IF EXISTS `Toppick_Schema`.`Otros` ;

CREATE TABLE IF NOT EXISTS `Toppick_Schema`.`Otros` (
  `Producto_idProducto` INT NOT NULL,
  `tipo` VARCHAR(10) NOT NULL,
  PRIMARY KEY (`Producto_idProducto`),
  INDEX `fk_Otros_Producto_idx` (`Producto_idProducto` ASC),
  CONSTRAINT `fk_Otros_Producto`
    FOREIGN KEY (`Producto_idProducto`)
    REFERENCES `Toppick_Schema`.`Producto` (`idProducto`)
    ON DELETE NO ACTION
    ON UPDATE NO ACTION)
ENGINE = InnoDB;


-- -----------------------------------------------------
-- Table `Toppick_Schema`.`Fruteria`
-- -----------------------------------------------------
DROP TABLE IF EXISTS `Toppick_Schema`.`Fruteria` ;

CREATE TABLE IF NOT EXISTS `Toppick_Schema`.`Fruteria` (
  `Producto_idProducto` INT NOT NULL,
  `tipo` VARCHAR(45) NOT NULL,
  `descripcion` VARCHAR(100) NULL,
  PRIMARY KEY (`Producto_idProducto`),
  INDEX `fk_Horneado_Producto_idx` (`Producto_idProducto` ASC),
  CONSTRAINT `fk_Horneado_Producto`
    FOREIGN KEY (`Producto_idProducto`)
    REFERENCES `Toppick_Schema`.`Producto` (`idProducto`)
    ON DELETE NO ACTION
    ON UPDATE NO ACTION)
ENGINE = InnoDB;


-- -----------------------------------------------------
-- Table `Toppick_Schema`.`Empaquetado`
-- -----------------------------------------------------
DROP TABLE IF EXISTS `Toppick_Schema`.`Empaquetado` ;

CREATE TABLE IF NOT EXISTS `Toppick_Schema`.`Empaquetado` (
  `Producto_idProducto` INT NOT NULL,
  `contenidoGr` INT NOT NULL,
  `tipo` VARCHAR(45) NOT NULL,
  PRIMARY KEY (`Producto_idProducto`),
  INDEX `fk_Empaquetado_Producto_idx` (`Producto_idProducto` ASC),
  CONSTRAINT `fk_Empaquetado_Producto`
    FOREIGN KEY (`Producto_idProducto`)
    REFERENCES `Toppick_Schema`.`Producto` (`idProducto`)
    ON DELETE NO ACTION
    ON UPDATE NO ACTION)
ENGINE = InnoDB;


-- -----------------------------------------------------
-- Table `Toppick_Schema`.`Bebida`
-- -----------------------------------------------------
DROP TABLE IF EXISTS `Toppick_Schema`.`Bebida` ;

CREATE TABLE IF NOT EXISTS `Toppick_Schema`.`Bebida` (
  `Producto_idProducto` INT NOT NULL,
  `contenido` INT NOT NULL COMMENT 'Oz o ml',
  `tipo` VARCHAR(45) NOT NULL COMMENT 'Calientes, Frías, Natuarles',
  PRIMARY KEY (`Producto_idProducto`),
  INDEX `fk_Bebida_Producto_idx` (`Producto_idProducto` ASC),
  CONSTRAINT `fk_Bebida_Producto`
    FOREIGN KEY (`Producto_idProducto`)
    REFERENCES `Toppick_Schema`.`Producto` (`idProducto`)
    ON DELETE NO ACTION
    ON UPDATE NO ACTION)
ENGINE = InnoDB;


-- -----------------------------------------------------
-- Table `Toppick_Schema`.`ALaCarta`
-- -----------------------------------------------------
DROP TABLE IF EXISTS `Toppick_Schema`.`ALaCarta` ;

CREATE TABLE IF NOT EXISTS `Toppick_Schema`.`ALaCarta` (
  `Producto_idProducto` INT NOT NULL,
  `tipo` VARCHAR(45) NOT NULL,
  PRIMARY KEY (`Producto_idProducto`),
  INDEX `fk_ALaCarta_Producto_idx` (`Producto_idProducto` ASC),
  CONSTRAINT `fk_ALaCarta_Producto`
    FOREIGN KEY (`Producto_idProducto`)
    REFERENCES `Toppick_Schema`.`Producto` (`idProducto`)
    ON DELETE NO ACTION
    ON UPDATE NO ACTION)
ENGINE = InnoDB;


-- -----------------------------------------------------
-- Table `Toppick_Schema`.`Combo`
-- -----------------------------------------------------
DROP TABLE IF EXISTS `Toppick_Schema`.`Combo` ;

CREATE TABLE IF NOT EXISTS `Toppick_Schema`.`Combo` (
  `idCombo` INT NOT NULL AUTO_INCREMENT,
  `Producto_idProducto` INT NOT NULL,
  `descripcion` VARCHAR(115) NOT NULL,
  PRIMARY KEY (`idCombo`, `Producto_idProducto`),
  UNIQUE INDEX `idCombo_UNIQUE` (`idCombo` ASC),
  INDEX `fk_Combo_Producto_idx` (`Producto_idProducto` ASC),
  CONSTRAINT `fk_Combo_Producto`
    FOREIGN KEY (`Producto_idProducto`)
    REFERENCES `Toppick_Schema`.`Producto` (`idProducto`)
    ON DELETE NO ACTION
    ON UPDATE NO ACTION)
ENGINE = InnoDB;


-- -----------------------------------------------------
-- Table `Toppick_Schema`.`ProductoXCombo`
-- -----------------------------------------------------
DROP TABLE IF EXISTS `Toppick_Schema`.`ProductoXCombo` ;

CREATE TABLE IF NOT EXISTS `Toppick_Schema`.`ProductoXCombo` (
  `Producto_idProducto` INT NOT NULL,
  `Combo_idCombo` INT NOT NULL,
  PRIMARY KEY (`Producto_idProducto`, `Combo_idCombo`),
  INDEX `fk_Producto_X_Combo_Combo_idx` (`Combo_idCombo` ASC),
  INDEX `fk_Producto_X_Combo_Producto_idx` (`Producto_idProducto` ASC),
  CONSTRAINT `fk_Producto_X_Combo_Producto`
    FOREIGN KEY (`Producto_idProducto`)
    REFERENCES `Toppick_Schema`.`Producto` (`idProducto`)
    ON DELETE NO ACTION
    ON UPDATE NO ACTION,
  CONSTRAINT `fk_Producto_X_Combo_Combo`
    FOREIGN KEY (`Combo_idCombo`)
    REFERENCES `Toppick_Schema`.`Combo` (`idCombo`)
    ON DELETE NO ACTION
    ON UPDATE NO ACTION)
ENGINE = InnoDB;


-- -----------------------------------------------------
-- Table `Toppick_Schema`.`PuntoDeVenta`
-- -----------------------------------------------------
DROP TABLE IF EXISTS `Toppick_Schema`.`PuntoDeVenta` ;

CREATE TABLE IF NOT EXISTS `Toppick_Schema`.`PuntoDeVenta` (
  `idPuntodeVenta` INT NOT NULL AUTO_INCREMENT,
  `Usuario_nombreUsuario` VARCHAR(20) NOT NULL,
  `Usuario_contraseña` VARCHAR(16) NOT NULL,
  `nombre` VARCHAR(18) NOT NULL,
  `tipoPuntoVenta` INT(1) NOT NULL,
  `urlUbicacion` VARCHAR(100) NOT NULL,
  `Estado` VARCHAR(12) NOT NULL,
  `urlImagen` VARCHAR(100) NULL DEFAULT NULL,
  PRIMARY KEY (`idPuntodeVenta`, `Usuario_nombreUsuario`, `Usuario_contraseña`),
  INDEX `fk_PuntoDeVenta_Usuario_idx` (`Usuario_nombreUsuario` ASC, `Usuario_contraseña` ASC),
  UNIQUE INDEX `idPuntodeVenta_UNIQUE` (`idPuntodeVenta` ASC),
  UNIQUE INDEX `Usuario_nombreUsuario_UNIQUE` (`Usuario_nombreUsuario` ASC),
  CONSTRAINT `fk_PuntoDeVenta_Usuario`
    FOREIGN KEY (`Usuario_nombreUsuario` , `Usuario_contraseña`)
    REFERENCES `Toppick_Schema`.`Usuario` (`nombreUsuario` , `contraseña`)
    ON DELETE CASCADE
    ON UPDATE CASCADE)
ENGINE = InnoDB;


-- -----------------------------------------------------
-- Table `Toppick_Schema`.`Pedido`
-- -----------------------------------------------------
DROP TABLE IF EXISTS `Toppick_Schema`.`Pedido` ;

CREATE TABLE IF NOT EXISTS `Toppick_Schema`.`Pedido` (
  `idPedido` INT NOT NULL AUTO_INCREMENT,
  `PuntoDeVenta_idPuntodeVenta` INT NOT NULL,
  `Cliente_IdCliente` INT NOT NULL,
  `fechaCreacion` DATETIME NOT NULL,
  `costoTotal` INT(6) NOT NULL,
  `fechaReclamo` DATETIME NOT NULL,
  `estadoPedido` VARCHAR(10) NOT NULL,
  `razonRechazo` VARCHAR(200) NULL,
  PRIMARY KEY (`idPedido`, `PuntoDeVenta_idPuntodeVenta`, `Cliente_IdCliente`),
  UNIQUE INDEX `idPedido_UNIQUE` (`idPedido` ASC),
  INDEX `fk_Pedido_Cliente_idx` (`Cliente_IdCliente` ASC),
  INDEX `fk_Pedido_PuntoDeVenta_idx` (`PuntoDeVenta_idPuntodeVenta` ASC),
  CONSTRAINT `fk_Pedido_Cliente`
    FOREIGN KEY (`Cliente_IdCliente`)
    REFERENCES `Toppick_Schema`.`Cliente` (`IdCliente`)
    ON DELETE NO ACTION
    ON UPDATE NO ACTION,
  CONSTRAINT `fk_Pedido_PuntoDeVenta`
    FOREIGN KEY (`PuntoDeVenta_idPuntodeVenta`)
    REFERENCES `Toppick_Schema`.`PuntoDeVenta` (`idPuntodeVenta`)
    ON DELETE NO ACTION
    ON UPDATE NO ACTION)
ENGINE = InnoDB;


-- -----------------------------------------------------
-- Table `Toppick_Schema`.`Carrito`
-- -----------------------------------------------------
DROP TABLE IF EXISTS `Toppick_Schema`.`Carrito` ;

CREATE TABLE IF NOT EXISTS `Toppick_Schema`.`Carrito` (
  `Producto_idProducto` INT NOT NULL,
  `Pedido_idPedido` INT NOT NULL,
  `CantidadProducto` INT(2) NOT NULL,
  PRIMARY KEY (`Producto_idProducto`, `Pedido_idPedido`),
  INDEX `fk_Carrito_Producto_idx` (`Producto_idProducto` ASC),
  INDEX `fk_Carrito_Pedido_idx` (`Pedido_idPedido` ASC),
  CONSTRAINT `fk_Carrito_Producto`
    FOREIGN KEY (`Producto_idProducto`)
    REFERENCES `Toppick_Schema`.`Producto` (`idProducto`)
    ON DELETE NO ACTION
    ON UPDATE NO ACTION,
  CONSTRAINT `fk_Carrito_Pedido`
    FOREIGN KEY (`Pedido_idPedido`)
    REFERENCES `Toppick_Schema`.`Pedido` (`idPedido`)
    ON DELETE NO ACTION
    ON UPDATE NO ACTION)
ENGINE = InnoDB;


-- -----------------------------------------------------
-- Table `Toppick_Schema`.`Catalogo`
-- -----------------------------------------------------
DROP TABLE IF EXISTS `Toppick_Schema`.`Catalogo` ;

CREATE TABLE IF NOT EXISTS `Toppick_Schema`.`Catalogo` (
  `PuntoDeVenta_idPuntodeVenta` INT NOT NULL,
  `Producto_idProducto` INT NOT NULL,
  `inventario` INT(3) NOT NULL,
  PRIMARY KEY (`Producto_idProducto`, `PuntoDeVenta_idPuntodeVenta`),
  INDEX `fk_Catalogo_PuntoDeVenta_idx` (`PuntoDeVenta_idPuntodeVenta` ASC),
  INDEX `fk_Catalogo_Producto_idx` (`Producto_idProducto` ASC),
  CONSTRAINT `fk_Catalogo_PuntoDeVenta`
    FOREIGN KEY (`PuntoDeVenta_idPuntodeVenta`)
    REFERENCES `Toppick_Schema`.`PuntoDeVenta` (`idPuntodeVenta`)
    ON DELETE NO ACTION
    ON UPDATE NO ACTION,
  CONSTRAINT `fk_Catalogo_Producto`
    FOREIGN KEY (`Producto_idProducto`)
    REFERENCES `Toppick_Schema`.`Producto` (`idProducto`)
    ON DELETE NO ACTION
    ON UPDATE NO ACTION)
ENGINE = InnoDB;


-- -----------------------------------------------------
-- Table `Toppick_Schema`.`Día`
-- -----------------------------------------------------
DROP TABLE IF EXISTS `Toppick_Schema`.`Día` ;

CREATE TABLE IF NOT EXISTS `Toppick_Schema`.`Día` (
  `idDía` INT NOT NULL AUTO_INCREMENT,
  `nombre` VARCHAR(9) NOT NULL,
  PRIMARY KEY (`idDía`),
  UNIQUE INDEX `idDía_UNIQUE` (`idDía` ASC))
ENGINE = InnoDB;


-- -----------------------------------------------------
-- Table `Toppick_Schema`.`HoraApertura`
-- -----------------------------------------------------
DROP TABLE IF EXISTS `Toppick_Schema`.`HoraApertura` ;

CREATE TABLE IF NOT EXISTS `Toppick_Schema`.`HoraApertura` (
  `idHoraApertura` INT NOT NULL AUTO_INCREMENT,
  `horaApertura` TIME NOT NULL,
  PRIMARY KEY (`idHoraApertura`),
  UNIQUE INDEX `idHoraApertura_UNIQUE` (`idHoraApertura` ASC),
  UNIQUE INDEX `horaApertura_UNIQUE` (`horaApertura` ASC))
ENGINE = InnoDB;


-- -----------------------------------------------------
-- Table `Toppick_Schema`.`HoraCierre`
-- -----------------------------------------------------
DROP TABLE IF EXISTS `Toppick_Schema`.`HoraCierre` ;

CREATE TABLE IF NOT EXISTS `Toppick_Schema`.`HoraCierre` (
  `idHoraCierre` INT NOT NULL AUTO_INCREMENT,
  `horaCierre` TIME NOT NULL,
  PRIMARY KEY (`idHoraCierre`),
  UNIQUE INDEX `idHoraApertura_UNIQUE` (`idHoraCierre` ASC),
  UNIQUE INDEX `horaApertura_UNIQUE` (`horaCierre` ASC))
ENGINE = InnoDB;


-- -----------------------------------------------------
-- Table `Toppick_Schema`.`Horario`
-- -----------------------------------------------------
DROP TABLE IF EXISTS `Toppick_Schema`.`Horario` ;

CREATE TABLE IF NOT EXISTS `Toppick_Schema`.`Horario` (
  `idHorario` INT NOT NULL AUTO_INCREMENT,
  `HoraApertura_idHoraApertura` INT NOT NULL,
  `HoraCierre_idHoraApertura` INT NOT NULL,
  PRIMARY KEY (`idHorario`, `HoraApertura_idHoraApertura`, `HoraCierre_idHoraApertura`),
  INDEX `fk_Horario_HoraApertura1_idx` (`HoraApertura_idHoraApertura` ASC),
  INDEX `fk_Horario_HoraCierre1_idx` (`HoraCierre_idHoraApertura` ASC),
  UNIQUE INDEX `idHorario_UNIQUE` (`idHorario` ASC),
  CONSTRAINT `fk_Horario_HoraApertura1`
    FOREIGN KEY (`HoraApertura_idHoraApertura`)
    REFERENCES `Toppick_Schema`.`HoraApertura` (`idHoraApertura`)
    ON DELETE NO ACTION
    ON UPDATE NO ACTION,
  CONSTRAINT `fk_Horario_HoraCierre1`
    FOREIGN KEY (`HoraCierre_idHoraApertura`)
    REFERENCES `Toppick_Schema`.`HoraCierre` (`idHoraCierre`)
    ON DELETE NO ACTION
    ON UPDATE NO ACTION)
ENGINE = InnoDB;


-- -----------------------------------------------------
-- Table `Toppick_Schema`.`CierredeCaja`
-- -----------------------------------------------------
DROP TABLE IF EXISTS `Toppick_Schema`.`CierredeCaja` ;

CREATE TABLE IF NOT EXISTS `Toppick_Schema`.`CierredeCaja` (
  `idCierredeCaja` INT NOT NULL AUTO_INCREMENT,
  `PuntoDeVenta_idPuntodeVenta` INT NOT NULL,
  `fehaCierre` DATETIME NOT NULL,
  `totalVentasDia` BIGINT(9) NOT NULL,
  PRIMARY KEY (`idCierredeCaja`, `PuntoDeVenta_idPuntodeVenta`),
  INDEX `fk_CierredeCaja_PuntoDeVenta_idx` (`PuntoDeVenta_idPuntodeVenta` ASC),
  UNIQUE INDEX `idCierredeCaja_UNIQUE` (`idCierredeCaja` ASC),
  CONSTRAINT `fk_CierredeCaja_PuntoDeVenta`
    FOREIGN KEY (`PuntoDeVenta_idPuntodeVenta`)
    REFERENCES `Toppick_Schema`.`PuntoDeVenta` (`idPuntodeVenta`)
    ON DELETE NO ACTION
    ON UPDATE NO ACTION)
ENGINE = InnoDB
COMMENT = '		';


-- -----------------------------------------------------
-- Table `Toppick_Schema`.`ProductosMasVendidosXDia`
-- -----------------------------------------------------
DROP TABLE IF EXISTS `Toppick_Schema`.`ProductosMasVendidosXDia` ;

CREATE TABLE IF NOT EXISTS `Toppick_Schema`.`ProductosMasVendidosXDia` (
  `CierredeCaja_idCierredeCaja` INT NOT NULL,
  `Producto_idProducto` INT NOT NULL,
  `Unidades` INT(4) NOT NULL,
  PRIMARY KEY (`CierredeCaja_idCierredeCaja`, `Producto_idProducto`),
  INDEX `fk_ProductosMasVendidosXDia_Producto_idx` (`Producto_idProducto` ASC),
  INDEX `fk_ProductosMasVendidosXDia_CierredeCaja_idx` (`CierredeCaja_idCierredeCaja` ASC),
  CONSTRAINT `fk_ProductosMasVendidosXDia_CierredeCaja`
    FOREIGN KEY (`CierredeCaja_idCierredeCaja`)
    REFERENCES `Toppick_Schema`.`CierredeCaja` (`idCierredeCaja`)
    ON DELETE NO ACTION
    ON UPDATE NO ACTION,
  CONSTRAINT `fk_ProductosMasVendidosXDia_Producto`
    FOREIGN KEY (`Producto_idProducto`)
    REFERENCES `Toppick_Schema`.`Producto` (`idProducto`)
    ON DELETE NO ACTION
    ON UPDATE NO ACTION)
ENGINE = InnoDB;


-- -----------------------------------------------------
-- Table `Toppick_Schema`.`ProductosMasIngresosXDia`
-- -----------------------------------------------------
DROP TABLE IF EXISTS `Toppick_Schema`.`ProductosMasIngresosXDia` ;

CREATE TABLE IF NOT EXISTS `Toppick_Schema`.`ProductosMasIngresosXDia` (
  `CierredeCaja_idCierredeCaja` INT NOT NULL,
  `Producto_idProducto` INT NOT NULL,
  `totalIngresosProducto` INT(8) NOT NULL,
  PRIMARY KEY (`CierredeCaja_idCierredeCaja`, `Producto_idProducto`),
  INDEX `fk_ProductosMasIngresosXDia_Producto_idx` (`Producto_idProducto` ASC),
  INDEX `fk_ProductosMasIngresosXDia_CierredeCaja_idx` (`CierredeCaja_idCierredeCaja` ASC),
  CONSTRAINT `fk_ProductosMasIngresosXDia_CierredeCaja`
    FOREIGN KEY (`CierredeCaja_idCierredeCaja`)
    REFERENCES `Toppick_Schema`.`CierredeCaja` (`idCierredeCaja`)
    ON DELETE NO ACTION
    ON UPDATE NO ACTION,
  CONSTRAINT `fk_ProductosMasIngresosXDia_Producto`
    FOREIGN KEY (`Producto_idProducto`)
    REFERENCES `Toppick_Schema`.`Producto` (`idProducto`)
    ON DELETE NO ACTION
    ON UPDATE NO ACTION)
ENGINE = InnoDB;


-- -----------------------------------------------------
-- Table `Toppick_Schema`.`Reseña`
-- -----------------------------------------------------
DROP TABLE IF EXISTS `Toppick_Schema`.`Reseña` ;

CREATE TABLE IF NOT EXISTS `Toppick_Schema`.`Reseña` (
  `idReseña` INT NOT NULL AUTO_INCREMENT,
  `Cliente_IdCliente` INT NOT NULL,
  `PuntoDeVenta_idPuntodeVenta` INT NOT NULL,
  `Producto_idProducto` INT NOT NULL,
  `calificacion` INT(1) NOT NULL,
  `descripcion` VARCHAR(100) NOT NULL,
  PRIMARY KEY (`idReseña`, `Cliente_IdCliente`, `PuntoDeVenta_idPuntodeVenta`, `Producto_idProducto`),
  INDEX `fk_Reseña_Cliente_idx` (`Cliente_IdCliente` ASC),
  INDEX `fk_Reseña_PuntoDeVenta_idx` (`PuntoDeVenta_idPuntodeVenta` ASC),
  INDEX `fk_Reseña_Producto_idx` (`Producto_idProducto` ASC),
  CONSTRAINT `fk_Reseña_Cliente`
    FOREIGN KEY (`Cliente_IdCliente`)
    REFERENCES `Toppick_Schema`.`Cliente` (`IdCliente`)
    ON DELETE NO ACTION
    ON UPDATE NO ACTION,
  CONSTRAINT `fk_Reseña_PuntoDeVenta`
    FOREIGN KEY (`PuntoDeVenta_idPuntodeVenta`)
    REFERENCES `Toppick_Schema`.`PuntoDeVenta` (`idPuntodeVenta`)
    ON DELETE NO ACTION
    ON UPDATE NO ACTION,
  CONSTRAINT `fk_Reseña_Producto`
    FOREIGN KEY (`Producto_idProducto`)
    REFERENCES `Toppick_Schema`.`Producto` (`idProducto`)
    ON DELETE NO ACTION
    ON UPDATE NO ACTION)
ENGINE = InnoDB;


-- -----------------------------------------------------
-- Table `Toppick_Schema`.`PuntoDeVentaXHorario`
-- -----------------------------------------------------
DROP TABLE IF EXISTS `Toppick_Schema`.`PuntoDeVentaXHorario` ;

CREATE TABLE IF NOT EXISTS `Toppick_Schema`.`PuntoDeVentaXHorario` (
  `PuntoDeVenta_idPuntodeVenta` INT NOT NULL,
  `Horario_idHorario` INT NOT NULL,
  `Día_idDía` INT NOT NULL,
  PRIMARY KEY (`PuntoDeVenta_idPuntodeVenta`, `Horario_idHorario`, `Día_idDía`),
  INDEX `fk_PuntoDeVentaXHorario_PuntoDeVenta_idx` (`PuntoDeVenta_idPuntodeVenta` ASC),
  INDEX `fk_PuntoDeVentaXHorario_Horario_idx` (`Horario_idHorario` ASC),
  INDEX `fk_PuntoDeVentaXHorario_Día1_idx` (`Día_idDía` ASC),
  CONSTRAINT `fk_PuntoDeVentaXHorario_PuntoDeVenta`
    FOREIGN KEY (`PuntoDeVenta_idPuntodeVenta`)
    REFERENCES `Toppick_Schema`.`PuntoDeVenta` (`idPuntodeVenta`)
    ON DELETE NO ACTION
    ON UPDATE NO ACTION,
  CONSTRAINT `fk_PuntoDeVentaXHorario_Horario1`
    FOREIGN KEY (`Horario_idHorario`)
    REFERENCES `Toppick_Schema`.`Horario` (`idHorario`)
    ON DELETE NO ACTION
    ON UPDATE NO ACTION,
  CONSTRAINT `fk_PuntoDeVentaXHorario_Día1`
    FOREIGN KEY (`Día_idDía`)
    REFERENCES `Toppick_Schema`.`Día` (`idDía`)
    ON DELETE NO ACTION
    ON UPDATE NO ACTION)
ENGINE = InnoDB;


-- -----------------------------------------------------
-- Table `Toppick_Schema`.`Especialidad`
-- -----------------------------------------------------
DROP TABLE IF EXISTS `Toppick_Schema`.`Especialidad` ;

CREATE TABLE IF NOT EXISTS `Toppick_Schema`.`Especialidad` (
  `Producto_idProducto` INT NOT NULL,
  `horaInicioDisponibilidad` TIME NOT NULL,
  `horaFinDisponibilidad` TIME NOT NULL,
  `descripcion` VARCHAR(115) NOT NULL,
  PRIMARY KEY (`Producto_idProducto`),
  INDEX `fk_Especialidad_Producto1_idx` (`Producto_idProducto` ASC),
  CONSTRAINT `fk_Especialidad_Producto1`
    FOREIGN KEY (`Producto_idProducto`)
    REFERENCES `Toppick_Schema`.`Producto` (`idProducto`)
    ON DELETE NO ACTION
    ON UPDATE NO ACTION)
ENGINE = InnoDB;


-- -----------------------------------------------------
-- Table `Toppick_Schema`.`Acompañamiento`
-- -----------------------------------------------------
DROP TABLE IF EXISTS `Toppick_Schema`.`Acompañamiento` ;

CREATE TABLE IF NOT EXISTS `Toppick_Schema`.`Acompañamiento` (
  `idAcompañamiento` INT NOT NULL AUTO_INCREMENT,
  `nombre` VARCHAR(20) NOT NULL,
  `tipo` VARCHAR(10) NOT NULL,
  PRIMARY KEY (`idAcompañamiento`))
ENGINE = InnoDB;


-- -----------------------------------------------------
-- Table `Toppick_Schema`.`Saludable`
-- -----------------------------------------------------
DROP TABLE IF EXISTS `Toppick_Schema`.`Saludable` ;

CREATE TABLE IF NOT EXISTS `Toppick_Schema`.`Saludable` (
  `Producto_idProducto` INT NOT NULL,
  `descripcion` VARCHAR(45) NULL,
  PRIMARY KEY (`Producto_idProducto`),
  CONSTRAINT `fk_Saludable_Producto1`
    FOREIGN KEY (`Producto_idProducto`)
    REFERENCES `Toppick_Schema`.`Producto` (`idProducto`)
    ON DELETE NO ACTION
    ON UPDATE NO ACTION)
ENGINE = InnoDB;


-- -----------------------------------------------------
-- Table `Toppick_Schema`.`Desayuno`
-- -----------------------------------------------------
DROP TABLE IF EXISTS `Toppick_Schema`.`Desayuno` ;

CREATE TABLE IF NOT EXISTS `Toppick_Schema`.`Desayuno` (
  `Producto_idProducto` INT NOT NULL,
  `horaInicioDisponibilidad` TIME NOT NULL,
  `horaFinDisponibilidad` TIME NOT NULL,
  `tipo` VARCHAR(45) NOT NULL COMMENT 'Huevos, Especiales, Acompañamientos.',
  PRIMARY KEY (`Producto_idProducto`),
  CONSTRAINT `fk_Desayuno_Producto1`
    FOREIGN KEY (`Producto_idProducto`)
    REFERENCES `Toppick_Schema`.`Producto` (`idProducto`)
    ON DELETE NO ACTION
    ON UPDATE NO ACTION)
ENGINE = InnoDB;


-- -----------------------------------------------------
-- Table `Toppick_Schema`.`ComidaRapida`
-- -----------------------------------------------------
DROP TABLE IF EXISTS `Toppick_Schema`.`ComidaRapida` ;

CREATE TABLE IF NOT EXISTS `Toppick_Schema`.`ComidaRapida` (
  `Producto_idProducto` INT NOT NULL,
  `tipo` VARCHAR(14) NOT NULL COMMENT 'Hamburguesa, Perro, Pizza, Patacón',
  `descripcion` VARCHAR(100) NULL,
  PRIMARY KEY (`Producto_idProducto`),
  CONSTRAINT `fk_ComidaRapida_Producto1`
    FOREIGN KEY (`Producto_idProducto`)
    REFERENCES `Toppick_Schema`.`Producto` (`idProducto`)
    ON DELETE NO ACTION
    ON UPDATE NO ACTION)
ENGINE = InnoDB;


-- -----------------------------------------------------
-- Table `Toppick_Schema`.`Parrilla`
-- -----------------------------------------------------
DROP TABLE IF EXISTS `Toppick_Schema`.`Parrilla` ;

CREATE TABLE IF NOT EXISTS `Toppick_Schema`.`Parrilla` (
  `Producto_idProducto` INT NOT NULL,
  `tipo` VARCHAR(45) NOT NULL,
  PRIMARY KEY (`Producto_idProducto`),
  CONSTRAINT `fk_Parrilla_Producto1`
    FOREIGN KEY (`Producto_idProducto`)
    REFERENCES `Toppick_Schema`.`Producto` (`idProducto`)
    ON DELETE NO ACTION
    ON UPDATE NO ACTION)
ENGINE = InnoDB;


-- -----------------------------------------------------
-- Table `Toppick_Schema`.`Pasta`
-- -----------------------------------------------------
DROP TABLE IF EXISTS `Toppick_Schema`.`Pasta` ;

CREATE TABLE IF NOT EXISTS `Toppick_Schema`.`Pasta` (
  `Producto_idProducto` INT NOT NULL,
  `tipo` VARCHAR(45) NOT NULL,
  `salsa` VARCHAR(45) NOT NULL,
  PRIMARY KEY (`Producto_idProducto`),
  CONSTRAINT `fk_Pasta_Producto1`
    FOREIGN KEY (`Producto_idProducto`)
    REFERENCES `Toppick_Schema`.`Producto` (`idProducto`)
    ON DELETE NO ACTION
    ON UPDATE NO ACTION)
ENGINE = InnoDB;


-- -----------------------------------------------------
-- Table `Toppick_Schema`.`MenuTipico`
-- -----------------------------------------------------
DROP TABLE IF EXISTS `Toppick_Schema`.`MenuTipico` ;

CREATE TABLE IF NOT EXISTS `Toppick_Schema`.`MenuTipico` (
  `Producto_idProducto` INT NOT NULL,
  `descripcion` VARCHAR(45) NOT NULL,
  `horaInicioDisponibilidad` DATETIME NOT NULL,
  `horaFinDisponibilidad` DATETIME NOT NULL,
  PRIMARY KEY (`Producto_idProducto`),
  CONSTRAINT `fk_MenuTipico_Producto1`
    FOREIGN KEY (`Producto_idProducto`)
    REFERENCES `Toppick_Schema`.`Producto` (`idProducto`)
    ON DELETE NO ACTION
    ON UPDATE NO ACTION)
ENGINE = InnoDB;


-- -----------------------------------------------------
-- Table `Toppick_Schema`.`MenuDia`
-- -----------------------------------------------------
DROP TABLE IF EXISTS `Toppick_Schema`.`MenuDia` ;

CREATE TABLE IF NOT EXISTS `Toppick_Schema`.`MenuDia` (
  `Producto_idProducto` INT NOT NULL,
  `descripcion` VARCHAR(45) NOT NULL,
  `tipo` VARCHAR(45) NOT NULL,
  `horaInicioDisponibilidad` DATETIME NOT NULL,
  `horaFinDisponibilidad` DATETIME NOT NULL,
  PRIMARY KEY (`Producto_idProducto`),
  CONSTRAINT `fk_MenuDia_Producto1`
    FOREIGN KEY (`Producto_idProducto`)
    REFERENCES `Toppick_Schema`.`Producto` (`idProducto`)
    ON DELETE NO ACTION
    ON UPDATE NO ACTION)
ENGINE = InnoDB;


-- -----------------------------------------------------
-- Table `Toppick_Schema`.`AcompañamientoXEspecialidad`
-- -----------------------------------------------------
DROP TABLE IF EXISTS `Toppick_Schema`.`AcompañamientoXEspecialidad` ;

CREATE TABLE IF NOT EXISTS `Toppick_Schema`.`AcompañamientoXEspecialidad` (
  `Especialidad_Producto_idProducto` INT NOT NULL,
  `Acompañamiento_idAcompañamiento` INT NOT NULL,
  PRIMARY KEY (`Especialidad_Producto_idProducto`, `Acompañamiento_idAcompañamiento`),
  INDEX `fk_AcompañamientoXEspecialidad_Acompañamiento1_idx` (`Acompañamiento_idAcompañamiento` ASC),
  INDEX `fk_AcompañamientoXEspecialidad_Especialidad1_idx` (`Especialidad_Producto_idProducto` ASC),
  CONSTRAINT `fk_AcompañamientoXEspecialidad_Acompañamiento1`
    FOREIGN KEY (`Acompañamiento_idAcompañamiento`)
    REFERENCES `Toppick_Schema`.`Acompañamiento` (`idAcompañamiento`)
    ON DELETE NO ACTION
    ON UPDATE NO ACTION,
  CONSTRAINT `fk_AcompañamientoXEspecialidad_Especialidad1`
    FOREIGN KEY (`Especialidad_Producto_idProducto`)
    REFERENCES `Toppick_Schema`.`Especialidad` (`Producto_idProducto`)
    ON DELETE NO ACTION
    ON UPDATE NO ACTION)
ENGINE = InnoDB;


-- -----------------------------------------------------
-- Table `Toppick_Schema`.`AcompañamientoXSeleccion`
-- -----------------------------------------------------
DROP TABLE IF EXISTS `Toppick_Schema`.`AcompañamientoXSeleccion` ;

CREATE TABLE IF NOT EXISTS `Toppick_Schema`.`AcompañamientoXSeleccion` (
  `Especialidad_Producto_idProducto` INT NOT NULL,
  `Acompañamiento_idAcompañamiento` INT NOT NULL,
  `Carrito_Pedido_idPedido` INT NOT NULL,
  PRIMARY KEY (`Especialidad_Producto_idProducto`, `Acompañamiento_idAcompañamiento`, `Carrito_Pedido_idPedido`),
  INDEX `fk_AcompañamientoXSeleccion_Acompañamiento1_idx` (`Acompañamiento_idAcompañamiento` ASC),
  INDEX `fk_AcompañamientoXSeleccion_Carrito1_idx` (`Carrito_Pedido_idPedido` ASC),
  CONSTRAINT `fk_AcompañamientoXSeleccion_Especialidad1`
    FOREIGN KEY (`Especialidad_Producto_idProducto`)
    REFERENCES `Toppick_Schema`.`Especialidad` (`Producto_idProducto`)
    ON DELETE NO ACTION
    ON UPDATE NO ACTION,
  CONSTRAINT `fk_AcompañamientoXSeleccion_Acompañamiento1`
    FOREIGN KEY (`Acompañamiento_idAcompañamiento`)
    REFERENCES `Toppick_Schema`.`Acompañamiento` (`idAcompañamiento`)
    ON DELETE NO ACTION
    ON UPDATE NO ACTION,
  CONSTRAINT `fk_AcompañamientoXSeleccion_Carrito1`
    FOREIGN KEY (`Carrito_Pedido_idPedido`)
    REFERENCES `Toppick_Schema`.`Carrito` (`Pedido_idPedido`)
    ON DELETE NO ACTION
    ON UPDATE NO ACTION)
ENGINE = InnoDB;


SET SQL_MODE=@OLD_SQL_MODE;
SET FOREIGN_KEY_CHECKS=@OLD_FOREIGN_KEY_CHECKS;
SET UNIQUE_CHECKS=@OLD_UNIQUE_CHECKS;

-- -----------------------------------------------------
-- Data for table `Toppick_Schema`.`Usuario`
-- -----------------------------------------------------
START TRANSACTION;
USE `Toppick_Schema`;
INSERT INTO `Toppick_Schema`.`Usuario` (`nombreUsuario`, `contraseña`) VALUES ('simon_davila', 'prueba_1');
INSERT INTO `Toppick_Schema`.`Usuario` (`nombreUsuario`, `contraseña`) VALUES ('juan_campos', 'prueba_2');
INSERT INTO `Toppick_Schema`.`Usuario` (`nombreUsuario`, `contraseña`) VALUES ('gabriela_camacho', 'prueba_3');
INSERT INTO `Toppick_Schema`.`Usuario` (`nombreUsuario`, `contraseña`) VALUES ('julian_builes', 'prueba_4');
INSERT INTO `Toppick_Schema`.`Usuario` (`nombreUsuario`, `contraseña`) VALUES ('juan_hamon', 'prueba_5');
INSERT INTO `Toppick_Schema`.`Usuario` (`nombreUsuario`, `contraseña`) VALUES ('camilo_buitrago', 'prueba_6');
INSERT INTO `Toppick_Schema`.`Usuario` (`nombreUsuario`, `contraseña`) VALUES ('caf_central', 'pdv_central_1');
INSERT INTO `Toppick_Schema`.`Usuario` (`nombreUsuario`, `contraseña`) VALUES ('caf_husi', 'pdv_husi_1');
INSERT INTO `Toppick_Schema`.`Usuario` (`nombreUsuario`, `contraseña`) VALUES ('caf_basicas', 'pdv_basicas_1');
INSERT INTO `Toppick_Schema`.`Usuario` (`nombreUsuario`, `contraseña`) VALUES ('caf_giraldo', 'pdv_giraldo_1');
INSERT INTO `Toppick_Schema`.`Usuario` (`nombreUsuario`, `contraseña`) VALUES ('caf_bienestar', 'pdv_bienestar_1');
INSERT INTO `Toppick_Schema`.`Usuario` (`nombreUsuario`, `contraseña`) VALUES ('cyk_biblioteca', 'pdv_biblioteca_1');
INSERT INTO `Toppick_Schema`.`Usuario` (`nombreUsuario`, `contraseña`) VALUES ('cyk_sauce', 'pdv_sauce_1');
INSERT INTO `Toppick_Schema`.`Usuario` (`nombreUsuario`, `contraseña`) VALUES ('cyk_urgencias', 'pdv_urgencias_1');
INSERT INTO `Toppick_Schema`.`Usuario` (`nombreUsuario`, `contraseña`) VALUES ('cyk_arboleda', 'pdv_arboleda_1');
INSERT INTO `Toppick_Schema`.`Usuario` (`nombreUsuario`, `contraseña`) VALUES ('cyk_estacion', 'pdv_estacion_1');
INSERT INTO `Toppick_Schema`.`Usuario` (`nombreUsuario`, `contraseña`) VALUES ('cyk_baron', 'pdv_baron_1');
INSERT INTO `Toppick_Schema`.`Usuario` (`nombreUsuario`, `contraseña`) VALUES ('cyk_urapanes', 'pdv_urapanes_1');
INSERT INTO `Toppick_Schema`.`Usuario` (`nombreUsuario`, `contraseña`) VALUES ('cyk_pecera', 'pdv_pecera_1');
INSERT INTO `Toppick_Schema`.`Usuario` (`nombreUsuario`, `contraseña`) VALUES ('cyk_atico', 'pdv_atico_1');
INSERT INTO `Toppick_Schema`.`Usuario` (`nombreUsuario`, `contraseña`) VALUES ('cyk_cataluña', 'pdv_cataluña_1');
INSERT INTO `Toppick_Schema`.`Usuario` (`nombreUsuario`, `contraseña`) VALUES ('cyk_ingenieria', 'pdv_ingenieria_1');
INSERT INTO `Toppick_Schema`.`Usuario` (`nombreUsuario`, `contraseña`) VALUES ('sal_frutera', 'pdv_frutera_1');
INSERT INTO `Toppick_Schema`.`Usuario` (`nombreUsuario`, `contraseña`) VALUES ('sal_frutera_basicas', 'pdv_s_basicas_1');
INSERT INTO `Toppick_Schema`.`Usuario` (`nombreUsuario`, `contraseña`) VALUES ('sal_frutera_giraldo', 'pdv_s_giraldo_1');
INSERT INTO `Toppick_Schema`.`Usuario` (`nombreUsuario`, `contraseña`) VALUES ('sal_frutera_central', 'pdv_s_central_1');
INSERT INTO `Toppick_Schema`.`Usuario` (`nombreUsuario`, `contraseña`) VALUES ('res_italiano', 'pdv_italiano_1');
INSERT INTO `Toppick_Schema`.`Usuario` (`nombreUsuario`, `contraseña`) VALUES ('res_creperia', 'pdv_creperia_1');
INSERT INTO `Toppick_Schema`.`Usuario` (`nombreUsuario`, `contraseña`) VALUES ('res_mirador', 'pdv_mirador_1');
INSERT INTO `Toppick_Schema`.`Usuario` (`nombreUsuario`, `contraseña`) VALUES ('res_il_posto', 'pdv_il_posto_1');

COMMIT;


-- -----------------------------------------------------
-- Data for table `Toppick_Schema`.`Cliente`
-- -----------------------------------------------------
START TRANSACTION;
USE `Toppick_Schema`;
INSERT INTO `Toppick_Schema`.`Cliente` (`IdCliente`, `Usuario_nombreUsuario`, `Usuario_contraseña`, `nombreCompleto`, `tipoDocumento`, `idDocumento`, `correoElectronico`, `celular`) VALUES (DEFAULT, 'simon_davila', 'prueba_1', 'Simón Dávila Saravia', 'CC', 1018504328, 'simondavila@javeriana.edu.co', 3108750771);
INSERT INTO `Toppick_Schema`.`Cliente` (`IdCliente`, `Usuario_nombreUsuario`, `Usuario_contraseña`, `nombreCompleto`, `tipoDocumento`, `idDocumento`, `correoElectronico`, `celular`) VALUES (DEFAULT, 'juan_campos', 'prueba_2', 'Juan Diego Campos Neira', 'CC', 1018504329, 'juand.campos@javeriana.edu.co', 3166266019);
INSERT INTO `Toppick_Schema`.`Cliente` (`IdCliente`, `Usuario_nombreUsuario`, `Usuario_contraseña`, `nombreCompleto`, `tipoDocumento`, `idDocumento`, `correoElectronico`, `celular`) VALUES (DEFAULT, 'gabriela_camacho', 'prueba_3', 'Gabriela María Camacho Montejo', 'CC', 1018504330, 'gabrielamcamacho@javeriana.edu.co', 3002931505);
INSERT INTO `Toppick_Schema`.`Cliente` (`IdCliente`, `Usuario_nombreUsuario`, `Usuario_contraseña`, `nombreCompleto`, `tipoDocumento`, `idDocumento`, `correoElectronico`, `celular`) VALUES (DEFAULT, 'julian_builes', 'prueba_4', 'Julián Camilo Builes Buitrago', 'CC', 1018504331, 'builes-j@javeriana.edu.co', 3156167536);
INSERT INTO `Toppick_Schema`.`Cliente` (`IdCliente`, `Usuario_nombreUsuario`, `Usuario_contraseña`, `nombreCompleto`, `tipoDocumento`, `idDocumento`, `correoElectronico`, `celular`) VALUES (DEFAULT, 'juan_hamon', 'prueba_5', 'Juan Francisco Hamón Garcón', 'CC', 1018504332, 'hamon_juan@javeriana.edu.co', 3044576728);
INSERT INTO `Toppick_Schema`.`Cliente` (`IdCliente`, `Usuario_nombreUsuario`, `Usuario_contraseña`, `nombreCompleto`, `tipoDocumento`, `idDocumento`, `correoElectronico`, `celular`) VALUES (DEFAULT, 'camilo_buitrago', 'prueba_6', 'Camilo Andrés Buitrago Ladino', 'CC', 1018504333, 'bu.camilo@javeriana.edu.co', 3045955980);

COMMIT;


-- -----------------------------------------------------
-- Data for table `Toppick_Schema`.`Producto`
-- -----------------------------------------------------
START TRANSACTION;
USE `Toppick_Schema`;
INSERT INTO `Toppick_Schema`.`Producto` (`idProducto`, `nombreProducto`, `precio`, `tiempoPreparacion`, `calificacion`, `urlImagen`, `categoria`) VALUES (1, 'Burrito de Res', 11000, 10, NULL, NULL, 'Especialidad');
INSERT INTO `Toppick_Schema`.`Producto` (`idProducto`, `nombreProducto`, `precio`, `tiempoPreparacion`, `calificacion`, `urlImagen`, `categoria`) VALUES (2, 'Burrito de Pollo', 11000, 10, NULL, NULL, 'Especialidad');
INSERT INTO `Toppick_Schema`.`Producto` (`idProducto`, `nombreProducto`, `precio`, `tiempoPreparacion`, `calificacion`, `urlImagen`, `categoria`) VALUES (3, 'Burrito de Cerdo', 11000, 10, NULL, NULL, 'Especialidad');
INSERT INTO `Toppick_Schema`.`Producto` (`idProducto`, `nombreProducto`, `precio`, `tiempoPreparacion`, `calificacion`, `urlImagen`, `categoria`) VALUES (4, 'Burrito de Chile', 11000, 10, NULL, NULL, 'Especialidad');
INSERT INTO `Toppick_Schema`.`Producto` (`idProducto`, `nombreProducto`, `precio`, `tiempoPreparacion`, `calificacion`, `urlImagen`, `categoria`) VALUES (5, 'Arroz Teppanyaki Vegetariano', 10900, 10, NULL, NULL, 'Especialidad');
INSERT INTO `Toppick_Schema`.`Producto` (`idProducto`, `nombreProducto`, `precio`, `tiempoPreparacion`, `calificacion`, `urlImagen`, `categoria`) VALUES (6, 'Arroz Teppanyaki', 12500, 15, NULL, NULL, 'Especialidad');
INSERT INTO `Toppick_Schema`.`Producto` (`idProducto`, `nombreProducto`, `precio`, `tiempoPreparacion`, `calificacion`, `urlImagen`, `categoria`) VALUES (7, 'Huevos Fritos', 2900, 8, NULL, NULL, 'Desayuno');
INSERT INTO `Toppick_Schema`.`Producto` (`idProducto`, `nombreProducto`, `precio`, `tiempoPreparacion`, `calificacion`, `urlImagen`, `categoria`) VALUES (8, 'Huevos Pericos', 2900, 8, NULL, NULL, 'Desayuno');
INSERT INTO `Toppick_Schema`.`Producto` (`idProducto`, `nombreProducto`, `precio`, `tiempoPreparacion`, `calificacion`, `urlImagen`, `categoria`) VALUES (9, 'Huevos Con Jamón', 3600, 8, NULL, NULL, 'Desayuno');
INSERT INTO `Toppick_Schema`.`Producto` (`idProducto`, `nombreProducto`, `precio`, `tiempoPreparacion`, `calificacion`, `urlImagen`, `categoria`) VALUES (10, 'Huevos Con Jamón y Queso', 3800, 8, NULL, NULL, 'Desayuno');
INSERT INTO `Toppick_Schema`.`Producto` (`idProducto`, `nombreProducto`, `precio`, `tiempoPreparacion`, `calificacion`, `urlImagen`, `categoria`) VALUES (11, 'Huevos Con Queso', 3700, 8, NULL, NULL, 'Desayuno');
INSERT INTO `Toppick_Schema`.`Producto` (`idProducto`, `nombreProducto`, `precio`, `tiempoPreparacion`, `calificacion`, `urlImagen`, `categoria`) VALUES (12, 'Cereal con Leche', 4000, 5, NULL, NULL, 'Desayuno');
INSERT INTO `Toppick_Schema`.`Producto` (`idProducto`, `nombreProducto`, `precio`, `tiempoPreparacion`, `calificacion`, `urlImagen`, `categoria`) VALUES (13, 'Tamal', 5700, 5, NULL, NULL, 'Desayuno');
INSERT INTO `Toppick_Schema`.`Producto` (`idProducto`, `nombreProducto`, `precio`, `tiempoPreparacion`, `calificacion`, `urlImagen`, `categoria`) VALUES (14, 'Caldo con Costilla', 5000, 5, NULL, NULL, 'Desayuno');
INSERT INTO `Toppick_Schema`.`Producto` (`idProducto`, `nombreProducto`, `precio`, `tiempoPreparacion`, `calificacion`, `urlImagen`, `categoria`) VALUES (15, 'Cereal con Yogurt', 4800, 5, NULL, NULL, 'Desayuno');
INSERT INTO `Toppick_Schema`.`Producto` (`idProducto`, `nombreProducto`, `precio`, `tiempoPreparacion`, `calificacion`, `urlImagen`, `categoria`) VALUES (16, 'Calentado del Día', 5700, 5, NULL, NULL, 'Desayuno');
INSERT INTO `Toppick_Schema`.`Producto` (`idProducto`, `nombreProducto`, `precio`, `tiempoPreparacion`, `calificacion`, `urlImagen`, `categoria`) VALUES (17, 'Hamburguesa Sencilla', 6800, 15, NULL, NULL, 'Comida Rápida');
INSERT INTO `Toppick_Schema`.`Producto` (`idProducto`, `nombreProducto`, `precio`, `tiempoPreparacion`, `calificacion`, `urlImagen`, `categoria`) VALUES (18, 'Hamburguesa Vegetariana', 8200, 15, NULL, NULL, 'Comida Rápida');
INSERT INTO `Toppick_Schema`.`Producto` (`idProducto`, `nombreProducto`, `precio`, `tiempoPreparacion`, `calificacion`, `urlImagen`, `categoria`) VALUES (19, 'Hamburguesa con Carne en Julianas', 9000, 15, NULL, NULL, 'Comida Rápida');
INSERT INTO `Toppick_Schema`.`Producto` (`idProducto`, `nombreProducto`, `precio`, `tiempoPreparacion`, `calificacion`, `urlImagen`, `categoria`) VALUES (20, 'Hamburguesa en Wrap de Lechuga', 9000, 15, NULL, NULL, 'Comida Rápida');
INSERT INTO `Toppick_Schema`.`Producto` (`idProducto`, `nombreProducto`, `precio`, `tiempoPreparacion`, `calificacion`, `urlImagen`, `categoria`) VALUES (21, 'Hamburguesa en Patacón', 9000, 15, NULL, NULL, 'Comida Rápida');
INSERT INTO `Toppick_Schema`.`Producto` (`idProducto`, `nombreProducto`, `precio`, `tiempoPreparacion`, `calificacion`, `urlImagen`, `categoria`) VALUES (22, 'Perro Tradicional', 6600, 10, NULL, NULL, 'Comida Rápida');
INSERT INTO `Toppick_Schema`.`Producto` (`idProducto`, `nombreProducto`, `precio`, `tiempoPreparacion`, `calificacion`, `urlImagen`, `categoria`) VALUES (23, 'Perro Americano', 8500, 10, NULL, NULL, 'Comida Rápida');
INSERT INTO `Toppick_Schema`.`Producto` (`idProducto`, `nombreProducto`, `precio`, `tiempoPreparacion`, `calificacion`, `urlImagen`, `categoria`) VALUES (24, 'Perro Argentino', 8500, 10, NULL, NULL, 'Comida Rápida');
INSERT INTO `Toppick_Schema`.`Producto` (`idProducto`, `nombreProducto`, `precio`, `tiempoPreparacion`, `calificacion`, `urlImagen`, `categoria`) VALUES (25, 'Perro Mediterráneo', 8500, 10, NULL, NULL, 'Comida Rápida');
INSERT INTO `Toppick_Schema`.`Producto` (`idProducto`, `nombreProducto`, `precio`, `tiempoPreparacion`, `calificacion`, `urlImagen`, `categoria`) VALUES (26, 'Papas a la Francesa', 0, 2, NULL, NULL, 'Otros');
INSERT INTO `Toppick_Schema`.`Producto` (`idProducto`, `nombreProducto`, `precio`, `tiempoPreparacion`, `calificacion`, `urlImagen`, `categoria`) VALUES (27, 'Combo Hmburguesa Sencilla', 11000, 12, NULL, NULL, 'Combo');
INSERT INTO `Toppick_Schema`.`Producto` (`idProducto`, `nombreProducto`, `precio`, `tiempoPreparacion`, `calificacion`, `urlImagen`, `categoria`) VALUES (28, 'Combo Hamburguesa Vegetariana', 11600, 12, NULL, NULL, 'Combo');
INSERT INTO `Toppick_Schema`.`Producto` (`idProducto`, `nombreProducto`, `precio`, `tiempoPreparacion`, `calificacion`, `urlImagen`, `categoria`) VALUES (29, 'Combo Hamburguesa con Carne en Julianas', 14500, 12, NULL, NULL, 'Combo');
INSERT INTO `Toppick_Schema`.`Producto` (`idProducto`, `nombreProducto`, `precio`, `tiempoPreparacion`, `calificacion`, `urlImagen`, `categoria`) VALUES (30, 'Combo Hamburgesa en Wrap de Lechuga', 13000, 12, NULL, NULL, 'Combo');
INSERT INTO `Toppick_Schema`.`Producto` (`idProducto`, `nombreProducto`, `precio`, `tiempoPreparacion`, `calificacion`, `urlImagen`, `categoria`) VALUES (31, 'Combo Hamburguesa en Patacón', 14000, 12, NULL, NULL, 'Combo');
INSERT INTO `Toppick_Schema`.`Producto` (`idProducto`, `nombreProducto`, `precio`, `tiempoPreparacion`, `calificacion`, `urlImagen`, `categoria`) VALUES (32, 'Combo Perro Tradicional', 9400, 10, NULL, NULL, 'Combo');
INSERT INTO `Toppick_Schema`.`Producto` (`idProducto`, `nombreProducto`, `precio`, `tiempoPreparacion`, `calificacion`, `urlImagen`, `categoria`) VALUES (33, 'Combo Perro Americano', 10500, 10, NULL, NULL, 'Combo');
INSERT INTO `Toppick_Schema`.`Producto` (`idProducto`, `nombreProducto`, `precio`, `tiempoPreparacion`, `calificacion`, `urlImagen`, `categoria`) VALUES (34, 'Combo Perro Argentino', 10500, 10, NULL, NULL, 'Combo');
INSERT INTO `Toppick_Schema`.`Producto` (`idProducto`, `nombreProducto`, `precio`, `tiempoPreparacion`, `calificacion`, `urlImagen`, `categoria`) VALUES (35, 'Combo Perro Mediterráneo', 10500, 10, NULL, NULL, 'Combo');
INSERT INTO `Toppick_Schema`.`Producto` (`idProducto`, `nombreProducto`, `precio`, `tiempoPreparacion`, `calificacion`, `urlImagen`, `categoria`) VALUES (36, 'Fuz Tea negro durazno', 3400, 0, NULL, NULL, 'Bebida');
INSERT INTO `Toppick_Schema`.`Producto` (`idProducto`, `nombreProducto`, `precio`, `tiempoPreparacion`, `calificacion`, `urlImagen`, `categoria`) VALUES (37, 'Fuz Tea negro limón', 3400, 0, NULL, NULL, 'Bebida');
INSERT INTO `Toppick_Schema`.`Producto` (`idProducto`, `nombreProducto`, `precio`, `tiempoPreparacion`, `calificacion`, `urlImagen`, `categoria`) VALUES (38, 'Quatro', 3500, 0, NULL, NULL, 'Bebida');
INSERT INTO `Toppick_Schema`.`Producto` (`idProducto`, `nombreProducto`, `precio`, `tiempoPreparacion`, `calificacion`, `urlImagen`, `categoria`) VALUES (39, 'Coca Cola lata original', 3500, 0, NULL, NULL, 'Bebida');
INSERT INTO `Toppick_Schema`.`Producto` (`idProducto`, `nombreProducto`, `precio`, `tiempoPreparacion`, `calificacion`, `urlImagen`, `categoria`) VALUES (40, 'Coca Cola lata zero', 3500, 0, NULL, NULL, 'Bebida');
INSERT INTO `Toppick_Schema`.`Producto` (`idProducto`, `nombreProducto`, `precio`, `tiempoPreparacion`, `calificacion`, `urlImagen`, `categoria`) VALUES (41, 'Agua H2OH limón', 3600, 0, NULL, NULL, 'Bebida');
INSERT INTO `Toppick_Schema`.`Producto` (`idProducto`, `nombreProducto`, `precio`, `tiempoPreparacion`, `calificacion`, `urlImagen`, `categoria`) VALUES (42, 'Auga H2OH limonata', 3600, 0, NULL, NULL, 'Bebida');
INSERT INTO `Toppick_Schema`.`Producto` (`idProducto`, `nombreProducto`, `precio`, `tiempoPreparacion`, `calificacion`, `urlImagen`, `categoria`) VALUES (43, 'Agua H2OH maracuyá', 3600, 0, NULL, NULL, 'Bebida');
INSERT INTO `Toppick_Schema`.`Producto` (`idProducto`, `nombreProducto`, `precio`, `tiempoPreparacion`, `calificacion`, `urlImagen`, `categoria`) VALUES (44, 'Agua en botella', 3600, 0, NULL, NULL, 'Bebida');
INSERT INTO `Toppick_Schema`.`Producto` (`idProducto`, `nombreProducto`, `precio`, `tiempoPreparacion`, `calificacion`, `urlImagen`, `categoria`) VALUES (45, 'Agua en botella con gas', 3600, 0, NULL, NULL, 'Bebida');
INSERT INTO `Toppick_Schema`.`Producto` (`idProducto`, `nombreProducto`, `precio`, `tiempoPreparacion`, `calificacion`, `urlImagen`, `categoria`) VALUES (46, 'Coca Cola original', 3600, 0, NULL, NULL, 'Bebida');
INSERT INTO `Toppick_Schema`.`Producto` (`idProducto`, `nombreProducto`, `precio`, `tiempoPreparacion`, `calificacion`, `urlImagen`, `categoria`) VALUES (47, 'Coca Cola original', 4400, 0, NULL, NULL, 'Bebida');
INSERT INTO `Toppick_Schema`.`Producto` (`idProducto`, `nombreProducto`, `precio`, `tiempoPreparacion`, `calificacion`, `urlImagen`, `categoria`) VALUES (48, 'Coca Cola zero', 4400, 0, NULL, NULL, 'Bebida');
INSERT INTO `Toppick_Schema`.`Producto` (`idProducto`, `nombreProducto`, `precio`, `tiempoPreparacion`, `calificacion`, `urlImagen`, `categoria`) VALUES (49, 'Empanada de Queso', 2100, 5, NULL, NULL, 'Otros');
INSERT INTO `Toppick_Schema`.`Producto` (`idProducto`, `nombreProducto`, `precio`, `tiempoPreparacion`, `calificacion`, `urlImagen`, `categoria`) VALUES (50, 'Empanada de Carne', 2200, 5, NULL, NULL, 'Otros');
INSERT INTO `Toppick_Schema`.`Producto` (`idProducto`, `nombreProducto`, `precio`, `tiempoPreparacion`, `calificacion`, `urlImagen`, `categoria`) VALUES (51, 'Rollo de Canela', 2200, 3, NULL, NULL, 'Otros');
INSERT INTO `Toppick_Schema`.`Producto` (`idProducto`, `nombreProducto`, `precio`, `tiempoPreparacion`, `calificacion`, `urlImagen`, `categoria`) VALUES (52, 'Arepa', 2700, 5, NULL, NULL, 'Otros');
INSERT INTO `Toppick_Schema`.`Producto` (`idProducto`, `nombreProducto`, `precio`, `tiempoPreparacion`, `calificacion`, `urlImagen`, `categoria`) VALUES (53, 'Rellenito de jamón y champiñones ', 2700, 5, NULL, NULL, 'Otros');
INSERT INTO `Toppick_Schema`.`Producto` (`idProducto`, `nombreProducto`, `precio`, `tiempoPreparacion`, `calificacion`, `urlImagen`, `categoria`) VALUES (54, 'Muffin de quinua y arándanos', 2300, 3, NULL, NULL, 'Otros');
INSERT INTO `Toppick_Schema`.`Producto` (`idProducto`, `nombreProducto`, `precio`, `tiempoPreparacion`, `calificacion`, `urlImagen`, `categoria`) VALUES (55, 'Galleta de Chocolate', 2400, 3, NULL, NULL, 'Otros');
INSERT INTO `Toppick_Schema`.`Producto` (`idProducto`, `nombreProducto`, `precio`, `tiempoPreparacion`, `calificacion`, `urlImagen`, `categoria`) VALUES (56, 'Galleta de avena y soya', 2400, 3, NULL, NULL, 'Otros');
INSERT INTO `Toppick_Schema`.`Producto` (`idProducto`, `nombreProducto`, `precio`, `tiempoPreparacion`, `calificacion`, `urlImagen`, `categoria`) VALUES (57, 'Galleta de 6 cereales miel', 2400, 3, NULL, NULL, 'Otros');
INSERT INTO `Toppick_Schema`.`Producto` (`idProducto`, `nombreProducto`, `precio`, `tiempoPreparacion`, `calificacion`, `urlImagen`, `categoria`) VALUES (58, 'Galleta de centeno y ajonjolí', 2400, 3, NULL, NULL, 'Otros');

COMMIT;


-- -----------------------------------------------------
-- Data for table `Toppick_Schema`.`Otros`
-- -----------------------------------------------------
START TRANSACTION;
USE `Toppick_Schema`;
INSERT INTO `Toppick_Schema`.`Otros` (`Producto_idProducto`, `tipo`) VALUES (49, 'Panadería');
INSERT INTO `Toppick_Schema`.`Otros` (`Producto_idProducto`, `tipo`) VALUES (50, 'Panadería');
INSERT INTO `Toppick_Schema`.`Otros` (`Producto_idProducto`, `tipo`) VALUES (51, 'Panadería');
INSERT INTO `Toppick_Schema`.`Otros` (`Producto_idProducto`, `tipo`) VALUES (52, 'Panadería');
INSERT INTO `Toppick_Schema`.`Otros` (`Producto_idProducto`, `tipo`) VALUES (53, 'Panadería');
INSERT INTO `Toppick_Schema`.`Otros` (`Producto_idProducto`, `tipo`) VALUES (54, 'Pastelería');
INSERT INTO `Toppick_Schema`.`Otros` (`Producto_idProducto`, `tipo`) VALUES (55, 'Pastelería');
INSERT INTO `Toppick_Schema`.`Otros` (`Producto_idProducto`, `tipo`) VALUES (56, 'Pastelería');
INSERT INTO `Toppick_Schema`.`Otros` (`Producto_idProducto`, `tipo`) VALUES (57, 'Pastelería');
INSERT INTO `Toppick_Schema`.`Otros` (`Producto_idProducto`, `tipo`) VALUES (58, 'Pastelería');

COMMIT;


-- -----------------------------------------------------
-- Data for table `Toppick_Schema`.`Bebida`
-- -----------------------------------------------------
START TRANSACTION;
USE `Toppick_Schema`;
INSERT INTO `Toppick_Schema`.`Bebida` (`Producto_idProducto`, `contenido`, `tipo`) VALUES (36, 400, 'Fria');
INSERT INTO `Toppick_Schema`.`Bebida` (`Producto_idProducto`, `contenido`, `tipo`) VALUES (37, 400, 'Fria');
INSERT INTO `Toppick_Schema`.`Bebida` (`Producto_idProducto`, `contenido`, `tipo`) VALUES (38, 400, 'Fria');
INSERT INTO `Toppick_Schema`.`Bebida` (`Producto_idProducto`, `contenido`, `tipo`) VALUES (39, 330, 'Fria');
INSERT INTO `Toppick_Schema`.`Bebida` (`Producto_idProducto`, `contenido`, `tipo`) VALUES (40, 330, 'Fria');
INSERT INTO `Toppick_Schema`.`Bebida` (`Producto_idProducto`, `contenido`, `tipo`) VALUES (41, 400, 'Fria');
INSERT INTO `Toppick_Schema`.`Bebida` (`Producto_idProducto`, `contenido`, `tipo`) VALUES (42, 400, 'Fria');
INSERT INTO `Toppick_Schema`.`Bebida` (`Producto_idProducto`, `contenido`, `tipo`) VALUES (43, 400, 'Fria');
INSERT INTO `Toppick_Schema`.`Bebida` (`Producto_idProducto`, `contenido`, `tipo`) VALUES (44, 400, 'Fria');
INSERT INTO `Toppick_Schema`.`Bebida` (`Producto_idProducto`, `contenido`, `tipo`) VALUES (45, 400, 'Fria');
INSERT INTO `Toppick_Schema`.`Bebida` (`Producto_idProducto`, `contenido`, `tipo`) VALUES (46, 400, 'Fria');
INSERT INTO `Toppick_Schema`.`Bebida` (`Producto_idProducto`, `contenido`, `tipo`) VALUES (47, 600, 'Fria');
INSERT INTO `Toppick_Schema`.`Bebida` (`Producto_idProducto`, `contenido`, `tipo`) VALUES (48, 600, 'Fria');

COMMIT;


-- -----------------------------------------------------
-- Data for table `Toppick_Schema`.`Combo`
-- -----------------------------------------------------
START TRANSACTION;
USE `Toppick_Schema`;
INSERT INTO `Toppick_Schema`.`Combo` (`idCombo`, `Producto_idProducto`, `descripcion`) VALUES (1, 27, 'Hamburguesa de carne de res sencilla, tomate, cebolla y lechuga. En combo con Papas a la francesa y bebida.');
INSERT INTO `Toppick_Schema`.`Combo` (`idCombo`, `Producto_idProducto`, `descripcion`) VALUES (2, 28, 'Hamburguesa de soya, tomate y lechuga. En combo con Papas a la francesa y bebida.');
INSERT INTO `Toppick_Schema`.`Combo` (`idCombo`, `Producto_idProducto`, `descripcion`) VALUES (3, 29, 'Hamburguesa con carne de res en julianas encebolladas y queso cheddar. En combo con Papas a la francesa y bebida.');
INSERT INTO `Toppick_Schema`.`Combo` (`idCombo`, `Producto_idProducto`, `descripcion`) VALUES (4, 30, 'Hamburguesa de carne de res en wrap de lechuga, cebolla y queso cheddar. En combo con Papas a la francesa y bebida.');
INSERT INTO `Toppick_Schema`.`Combo` (`idCombo`, `Producto_idProducto`, `descripcion`) VALUES (5, 31, 'Hamburguesa de res en patacón, lechuga, cebolla, tomate y queso cheddar. En combo con Papas a la francesa y bebida.');
INSERT INTO `Toppick_Schema`.`Combo` (`idCombo`, `Producto_idProducto`, `descripcion`) VALUES (6, 32, 'Salchicha, papa cabello de ángel y queso mozzarella. En combo con bebida.');
INSERT INTO `Toppick_Schema`.`Combo` (`idCombo`, `Producto_idProducto`, `descripcion`) VALUES (7, 33, 'Salchicha, salsa showy, queso doble crema, cebolla y pimentón caramelizados.  En combo con bebida.');
INSERT INTO `Toppick_Schema`.`Combo` (`idCombo`, `Producto_idProducto`, `descripcion`) VALUES (8, 34, 'Salchicha, salsa showy, queso doble crema, tomate y chimichurri.  En combo con bebida.');
INSERT INTO `Toppick_Schema`.`Combo` (`idCombo`, `Producto_idProducto`, `descripcion`) VALUES (9, 35, 'Salchicha, salsa showy, queso doble crema, aceitunas y pesto.  En combo con bebida.');

COMMIT;


-- -----------------------------------------------------
-- Data for table `Toppick_Schema`.`ProductoXCombo`
-- -----------------------------------------------------
START TRANSACTION;
USE `Toppick_Schema`;
INSERT INTO `Toppick_Schema`.`ProductoXCombo` (`Producto_idProducto`, `Combo_idCombo`) VALUES (17, 1);
INSERT INTO `Toppick_Schema`.`ProductoXCombo` (`Producto_idProducto`, `Combo_idCombo`) VALUES (26, 1);
INSERT INTO `Toppick_Schema`.`ProductoXCombo` (`Producto_idProducto`, `Combo_idCombo`) VALUES (36, 1);
INSERT INTO `Toppick_Schema`.`ProductoXCombo` (`Producto_idProducto`, `Combo_idCombo`) VALUES (37, 1);
INSERT INTO `Toppick_Schema`.`ProductoXCombo` (`Producto_idProducto`, `Combo_idCombo`) VALUES (38, 1);
INSERT INTO `Toppick_Schema`.`ProductoXCombo` (`Producto_idProducto`, `Combo_idCombo`) VALUES (41, 1);
INSERT INTO `Toppick_Schema`.`ProductoXCombo` (`Producto_idProducto`, `Combo_idCombo`) VALUES (42, 1);
INSERT INTO `Toppick_Schema`.`ProductoXCombo` (`Producto_idProducto`, `Combo_idCombo`) VALUES (43, 1);
INSERT INTO `Toppick_Schema`.`ProductoXCombo` (`Producto_idProducto`, `Combo_idCombo`) VALUES (44, 1);
INSERT INTO `Toppick_Schema`.`ProductoXCombo` (`Producto_idProducto`, `Combo_idCombo`) VALUES (45, 1);
INSERT INTO `Toppick_Schema`.`ProductoXCombo` (`Producto_idProducto`, `Combo_idCombo`) VALUES (46, 1);
INSERT INTO `Toppick_Schema`.`ProductoXCombo` (`Producto_idProducto`, `Combo_idCombo`) VALUES (18, 2);
INSERT INTO `Toppick_Schema`.`ProductoXCombo` (`Producto_idProducto`, `Combo_idCombo`) VALUES (26, 2);
INSERT INTO `Toppick_Schema`.`ProductoXCombo` (`Producto_idProducto`, `Combo_idCombo`) VALUES (36, 2);
INSERT INTO `Toppick_Schema`.`ProductoXCombo` (`Producto_idProducto`, `Combo_idCombo`) VALUES (37, 2);
INSERT INTO `Toppick_Schema`.`ProductoXCombo` (`Producto_idProducto`, `Combo_idCombo`) VALUES (38, 2);
INSERT INTO `Toppick_Schema`.`ProductoXCombo` (`Producto_idProducto`, `Combo_idCombo`) VALUES (41, 2);
INSERT INTO `Toppick_Schema`.`ProductoXCombo` (`Producto_idProducto`, `Combo_idCombo`) VALUES (42, 2);
INSERT INTO `Toppick_Schema`.`ProductoXCombo` (`Producto_idProducto`, `Combo_idCombo`) VALUES (43, 2);
INSERT INTO `Toppick_Schema`.`ProductoXCombo` (`Producto_idProducto`, `Combo_idCombo`) VALUES (44, 2);
INSERT INTO `Toppick_Schema`.`ProductoXCombo` (`Producto_idProducto`, `Combo_idCombo`) VALUES (45, 2);
INSERT INTO `Toppick_Schema`.`ProductoXCombo` (`Producto_idProducto`, `Combo_idCombo`) VALUES (46, 2);
INSERT INTO `Toppick_Schema`.`ProductoXCombo` (`Producto_idProducto`, `Combo_idCombo`) VALUES (19, 3);
INSERT INTO `Toppick_Schema`.`ProductoXCombo` (`Producto_idProducto`, `Combo_idCombo`) VALUES (26, 3);
INSERT INTO `Toppick_Schema`.`ProductoXCombo` (`Producto_idProducto`, `Combo_idCombo`) VALUES (36, 3);
INSERT INTO `Toppick_Schema`.`ProductoXCombo` (`Producto_idProducto`, `Combo_idCombo`) VALUES (37, 3);
INSERT INTO `Toppick_Schema`.`ProductoXCombo` (`Producto_idProducto`, `Combo_idCombo`) VALUES (38, 3);
INSERT INTO `Toppick_Schema`.`ProductoXCombo` (`Producto_idProducto`, `Combo_idCombo`) VALUES (41, 3);
INSERT INTO `Toppick_Schema`.`ProductoXCombo` (`Producto_idProducto`, `Combo_idCombo`) VALUES (42, 3);
INSERT INTO `Toppick_Schema`.`ProductoXCombo` (`Producto_idProducto`, `Combo_idCombo`) VALUES (43, 3);
INSERT INTO `Toppick_Schema`.`ProductoXCombo` (`Producto_idProducto`, `Combo_idCombo`) VALUES (44, 3);
INSERT INTO `Toppick_Schema`.`ProductoXCombo` (`Producto_idProducto`, `Combo_idCombo`) VALUES (45, 3);
INSERT INTO `Toppick_Schema`.`ProductoXCombo` (`Producto_idProducto`, `Combo_idCombo`) VALUES (46, 3);
INSERT INTO `Toppick_Schema`.`ProductoXCombo` (`Producto_idProducto`, `Combo_idCombo`) VALUES (20, 4);
INSERT INTO `Toppick_Schema`.`ProductoXCombo` (`Producto_idProducto`, `Combo_idCombo`) VALUES (26, 4);
INSERT INTO `Toppick_Schema`.`ProductoXCombo` (`Producto_idProducto`, `Combo_idCombo`) VALUES (36, 4);
INSERT INTO `Toppick_Schema`.`ProductoXCombo` (`Producto_idProducto`, `Combo_idCombo`) VALUES (37, 4);
INSERT INTO `Toppick_Schema`.`ProductoXCombo` (`Producto_idProducto`, `Combo_idCombo`) VALUES (38, 4);
INSERT INTO `Toppick_Schema`.`ProductoXCombo` (`Producto_idProducto`, `Combo_idCombo`) VALUES (41, 4);
INSERT INTO `Toppick_Schema`.`ProductoXCombo` (`Producto_idProducto`, `Combo_idCombo`) VALUES (42, 4);
INSERT INTO `Toppick_Schema`.`ProductoXCombo` (`Producto_idProducto`, `Combo_idCombo`) VALUES (43, 4);
INSERT INTO `Toppick_Schema`.`ProductoXCombo` (`Producto_idProducto`, `Combo_idCombo`) VALUES (44, 4);
INSERT INTO `Toppick_Schema`.`ProductoXCombo` (`Producto_idProducto`, `Combo_idCombo`) VALUES (45, 4);
INSERT INTO `Toppick_Schema`.`ProductoXCombo` (`Producto_idProducto`, `Combo_idCombo`) VALUES (46, 4);
INSERT INTO `Toppick_Schema`.`ProductoXCombo` (`Producto_idProducto`, `Combo_idCombo`) VALUES (21, 5);
INSERT INTO `Toppick_Schema`.`ProductoXCombo` (`Producto_idProducto`, `Combo_idCombo`) VALUES (26, 5);
INSERT INTO `Toppick_Schema`.`ProductoXCombo` (`Producto_idProducto`, `Combo_idCombo`) VALUES (36, 5);
INSERT INTO `Toppick_Schema`.`ProductoXCombo` (`Producto_idProducto`, `Combo_idCombo`) VALUES (37, 5);
INSERT INTO `Toppick_Schema`.`ProductoXCombo` (`Producto_idProducto`, `Combo_idCombo`) VALUES (38, 5);
INSERT INTO `Toppick_Schema`.`ProductoXCombo` (`Producto_idProducto`, `Combo_idCombo`) VALUES (41, 5);
INSERT INTO `Toppick_Schema`.`ProductoXCombo` (`Producto_idProducto`, `Combo_idCombo`) VALUES (42, 5);
INSERT INTO `Toppick_Schema`.`ProductoXCombo` (`Producto_idProducto`, `Combo_idCombo`) VALUES (43, 5);
INSERT INTO `Toppick_Schema`.`ProductoXCombo` (`Producto_idProducto`, `Combo_idCombo`) VALUES (44, 5);
INSERT INTO `Toppick_Schema`.`ProductoXCombo` (`Producto_idProducto`, `Combo_idCombo`) VALUES (45, 5);
INSERT INTO `Toppick_Schema`.`ProductoXCombo` (`Producto_idProducto`, `Combo_idCombo`) VALUES (46, 5);
INSERT INTO `Toppick_Schema`.`ProductoXCombo` (`Producto_idProducto`, `Combo_idCombo`) VALUES (22, 6);
INSERT INTO `Toppick_Schema`.`ProductoXCombo` (`Producto_idProducto`, `Combo_idCombo`) VALUES (26, 6);
INSERT INTO `Toppick_Schema`.`ProductoXCombo` (`Producto_idProducto`, `Combo_idCombo`) VALUES (36, 6);
INSERT INTO `Toppick_Schema`.`ProductoXCombo` (`Producto_idProducto`, `Combo_idCombo`) VALUES (37, 6);
INSERT INTO `Toppick_Schema`.`ProductoXCombo` (`Producto_idProducto`, `Combo_idCombo`) VALUES (38, 6);
INSERT INTO `Toppick_Schema`.`ProductoXCombo` (`Producto_idProducto`, `Combo_idCombo`) VALUES (41, 6);
INSERT INTO `Toppick_Schema`.`ProductoXCombo` (`Producto_idProducto`, `Combo_idCombo`) VALUES (42, 6);
INSERT INTO `Toppick_Schema`.`ProductoXCombo` (`Producto_idProducto`, `Combo_idCombo`) VALUES (43, 6);
INSERT INTO `Toppick_Schema`.`ProductoXCombo` (`Producto_idProducto`, `Combo_idCombo`) VALUES (44, 6);
INSERT INTO `Toppick_Schema`.`ProductoXCombo` (`Producto_idProducto`, `Combo_idCombo`) VALUES (45, 6);
INSERT INTO `Toppick_Schema`.`ProductoXCombo` (`Producto_idProducto`, `Combo_idCombo`) VALUES (46, 6);
INSERT INTO `Toppick_Schema`.`ProductoXCombo` (`Producto_idProducto`, `Combo_idCombo`) VALUES (23, 7);
INSERT INTO `Toppick_Schema`.`ProductoXCombo` (`Producto_idProducto`, `Combo_idCombo`) VALUES (26, 7);
INSERT INTO `Toppick_Schema`.`ProductoXCombo` (`Producto_idProducto`, `Combo_idCombo`) VALUES (36, 7);
INSERT INTO `Toppick_Schema`.`ProductoXCombo` (`Producto_idProducto`, `Combo_idCombo`) VALUES (37, 7);
INSERT INTO `Toppick_Schema`.`ProductoXCombo` (`Producto_idProducto`, `Combo_idCombo`) VALUES (38, 7);
INSERT INTO `Toppick_Schema`.`ProductoXCombo` (`Producto_idProducto`, `Combo_idCombo`) VALUES (41, 7);
INSERT INTO `Toppick_Schema`.`ProductoXCombo` (`Producto_idProducto`, `Combo_idCombo`) VALUES (42, 7);
INSERT INTO `Toppick_Schema`.`ProductoXCombo` (`Producto_idProducto`, `Combo_idCombo`) VALUES (43, 7);
INSERT INTO `Toppick_Schema`.`ProductoXCombo` (`Producto_idProducto`, `Combo_idCombo`) VALUES (44, 7);
INSERT INTO `Toppick_Schema`.`ProductoXCombo` (`Producto_idProducto`, `Combo_idCombo`) VALUES (45, 7);
INSERT INTO `Toppick_Schema`.`ProductoXCombo` (`Producto_idProducto`, `Combo_idCombo`) VALUES (46, 7);
INSERT INTO `Toppick_Schema`.`ProductoXCombo` (`Producto_idProducto`, `Combo_idCombo`) VALUES (24, 8);
INSERT INTO `Toppick_Schema`.`ProductoXCombo` (`Producto_idProducto`, `Combo_idCombo`) VALUES (26, 8);
INSERT INTO `Toppick_Schema`.`ProductoXCombo` (`Producto_idProducto`, `Combo_idCombo`) VALUES (36, 8);
INSERT INTO `Toppick_Schema`.`ProductoXCombo` (`Producto_idProducto`, `Combo_idCombo`) VALUES (37, 8);
INSERT INTO `Toppick_Schema`.`ProductoXCombo` (`Producto_idProducto`, `Combo_idCombo`) VALUES (38, 8);
INSERT INTO `Toppick_Schema`.`ProductoXCombo` (`Producto_idProducto`, `Combo_idCombo`) VALUES (41, 8);
INSERT INTO `Toppick_Schema`.`ProductoXCombo` (`Producto_idProducto`, `Combo_idCombo`) VALUES (42, 8);
INSERT INTO `Toppick_Schema`.`ProductoXCombo` (`Producto_idProducto`, `Combo_idCombo`) VALUES (43, 8);
INSERT INTO `Toppick_Schema`.`ProductoXCombo` (`Producto_idProducto`, `Combo_idCombo`) VALUES (44, 8);
INSERT INTO `Toppick_Schema`.`ProductoXCombo` (`Producto_idProducto`, `Combo_idCombo`) VALUES (45, 8);
INSERT INTO `Toppick_Schema`.`ProductoXCombo` (`Producto_idProducto`, `Combo_idCombo`) VALUES (46, 8);
INSERT INTO `Toppick_Schema`.`ProductoXCombo` (`Producto_idProducto`, `Combo_idCombo`) VALUES (25, 9);
INSERT INTO `Toppick_Schema`.`ProductoXCombo` (`Producto_idProducto`, `Combo_idCombo`) VALUES (26, 9);
INSERT INTO `Toppick_Schema`.`ProductoXCombo` (`Producto_idProducto`, `Combo_idCombo`) VALUES (36, 9);
INSERT INTO `Toppick_Schema`.`ProductoXCombo` (`Producto_idProducto`, `Combo_idCombo`) VALUES (37, 9);
INSERT INTO `Toppick_Schema`.`ProductoXCombo` (`Producto_idProducto`, `Combo_idCombo`) VALUES (38, 9);
INSERT INTO `Toppick_Schema`.`ProductoXCombo` (`Producto_idProducto`, `Combo_idCombo`) VALUES (41, 9);
INSERT INTO `Toppick_Schema`.`ProductoXCombo` (`Producto_idProducto`, `Combo_idCombo`) VALUES (42, 9);
INSERT INTO `Toppick_Schema`.`ProductoXCombo` (`Producto_idProducto`, `Combo_idCombo`) VALUES (43, 9);
INSERT INTO `Toppick_Schema`.`ProductoXCombo` (`Producto_idProducto`, `Combo_idCombo`) VALUES (44, 9);
INSERT INTO `Toppick_Schema`.`ProductoXCombo` (`Producto_idProducto`, `Combo_idCombo`) VALUES (45, 9);
INSERT INTO `Toppick_Schema`.`ProductoXCombo` (`Producto_idProducto`, `Combo_idCombo`) VALUES (46, 9);

COMMIT;


-- -----------------------------------------------------
-- Data for table `Toppick_Schema`.`PuntoDeVenta`
-- -----------------------------------------------------
START TRANSACTION;
USE `Toppick_Schema`;
INSERT INTO `Toppick_Schema`.`PuntoDeVenta` (`idPuntodeVenta`, `Usuario_nombreUsuario`, `Usuario_contraseña`, `nombre`, `tipoPuntoVenta`, `urlUbicacion`, `Estado`, `urlImagen`) VALUES (DEFAULT, 'caf_central', 'pdv_central_1', 'La Central', 1, 'https://goo.gl/maps/9o3G8fSyrHgXDo3W6', 'Abierto', 'null');
INSERT INTO `Toppick_Schema`.`PuntoDeVenta` (`idPuntodeVenta`, `Usuario_nombreUsuario`, `Usuario_contraseña`, `nombre`, `tipoPuntoVenta`, `urlUbicacion`, `Estado`, `urlImagen`) VALUES (DEFAULT, 'caf_husi', 'pdv_husi_1', 'HUSI', 1, 'https://goo.gl/maps/d9ovZmUfpzZ7MWaa8', 'Abierto', 'null');
INSERT INTO `Toppick_Schema`.`PuntoDeVenta` (`idPuntodeVenta`, `Usuario_nombreUsuario`, `Usuario_contraseña`, `nombre`, `tipoPuntoVenta`, `urlUbicacion`, `Estado`, `urlImagen`) VALUES (DEFAULT, 'caf_basicas', 'pdv_basicas_1', 'Básicas', 1, 'https://goo.gl/maps/HoGQWioWKf5ywMme8', 'Abierto', 'null');
INSERT INTO `Toppick_Schema`.`PuntoDeVenta` (`idPuntodeVenta`, `Usuario_nombreUsuario`, `Usuario_contraseña`, `nombre`, `tipoPuntoVenta`, `urlUbicacion`, `Estado`, `urlImagen`) VALUES (DEFAULT, 'caf_giraldo', 'pdv_giraldo_1', 'Giraldo', 1, 'https://goo.gl/maps/KyQXtSx5hLAZTPcB6', 'Abierto', 'null');
INSERT INTO `Toppick_Schema`.`PuntoDeVenta` (`idPuntodeVenta`, `Usuario_nombreUsuario`, `Usuario_contraseña`, `nombre`, `tipoPuntoVenta`, `urlUbicacion`, `Estado`, `urlImagen`) VALUES (DEFAULT, 'caf_bienestar', 'pdv_bienestar_1', 'Bienestar', 1, 'https://goo.gl/maps/KyQXtSx5hLAZTPcB6', 'Abierto', 'null');
INSERT INTO `Toppick_Schema`.`PuntoDeVenta` (`idPuntodeVenta`, `Usuario_nombreUsuario`, `Usuario_contraseña`, `nombre`, `tipoPuntoVenta`, `urlUbicacion`, `Estado`, `urlImagen`) VALUES (DEFAULT, 'cyk_biblioteca', 'pdv_biblioteca_1', 'Biblioteca', 2, 'https://goo.gl/maps/RmVKKMunAFRWS3s99', 'Abierto', 'null');
INSERT INTO `Toppick_Schema`.`PuntoDeVenta` (`idPuntodeVenta`, `Usuario_nombreUsuario`, `Usuario_contraseña`, `nombre`, `tipoPuntoVenta`, `urlUbicacion`, `Estado`, `urlImagen`) VALUES (DEFAULT, 'cyk_sauce', 'pdv_sauce_1', 'Sauce', 2, 'https://goo.gl/maps/VuQ5kzasv8YC2KDx5', 'Abierto', 'null');
INSERT INTO `Toppick_Schema`.`PuntoDeVenta` (`idPuntodeVenta`, `Usuario_nombreUsuario`, `Usuario_contraseña`, `nombre`, `tipoPuntoVenta`, `urlUbicacion`, `Estado`, `urlImagen`) VALUES (DEFAULT, 'cyk_urgencias', 'pdv_urgencias_1', 'Urgencias', 2, 'https://goo.gl/maps/FMCqBGgeDhfqA5CeA', 'Abierto', 'null');
INSERT INTO `Toppick_Schema`.`PuntoDeVenta` (`idPuntodeVenta`, `Usuario_nombreUsuario`, `Usuario_contraseña`, `nombre`, `tipoPuntoVenta`, `urlUbicacion`, `Estado`, `urlImagen`) VALUES (DEFAULT, 'cyk_arboleda', 'pdv_arboleda_1', 'La Arboleda', 2, 'https://goo.gl/maps/cdNZi9snM2tgQCEMA', 'Abierto', 'null');
INSERT INTO `Toppick_Schema`.`PuntoDeVenta` (`idPuntodeVenta`, `Usuario_nombreUsuario`, `Usuario_contraseña`, `nombre`, `tipoPuntoVenta`, `urlUbicacion`, `Estado`, `urlImagen`) VALUES (DEFAULT, 'cyk_estacion', 'pdv_estacion_1', 'La Estación', 2, 'https://goo.gl/maps/oRBKZRuGCHmMEN4M8', 'Abierto', 'null');
INSERT INTO `Toppick_Schema`.`PuntoDeVenta` (`idPuntodeVenta`, `Usuario_nombreUsuario`, `Usuario_contraseña`, `nombre`, `tipoPuntoVenta`, `urlUbicacion`, `Estado`, `urlImagen`) VALUES (DEFAULT, 'cyk_baron', 'pdv_baron_1', 'Barón', 2, 'https://goo.gl/maps/cg9WrXoxnRBJVfEH6', 'Abierto', 'null');
INSERT INTO `Toppick_Schema`.`PuntoDeVenta` (`idPuntodeVenta`, `Usuario_nombreUsuario`, `Usuario_contraseña`, `nombre`, `tipoPuntoVenta`, `urlUbicacion`, `Estado`, `urlImagen`) VALUES (DEFAULT, 'cyk_urapanes', 'pdv_urapanes_1', 'Kiosco Urapanes', 2, 'https://goo.gl/maps/n7scATK93bVwa9t29', 'Abierto', 'null');
INSERT INTO `Toppick_Schema`.`PuntoDeVenta` (`idPuntodeVenta`, `Usuario_nombreUsuario`, `Usuario_contraseña`, `nombre`, `tipoPuntoVenta`, `urlUbicacion`, `Estado`, `urlImagen`) VALUES (DEFAULT, 'cyk_pecera', 'pdv_pecera_1', 'La Pecera', 2, 'https://goo.gl/maps/eJknMANFcBzuo6gi9', 'Abierto', 'null');
INSERT INTO `Toppick_Schema`.`PuntoDeVenta` (`idPuntodeVenta`, `Usuario_nombreUsuario`, `Usuario_contraseña`, `nombre`, `tipoPuntoVenta`, `urlUbicacion`, `Estado`, `urlImagen`) VALUES (DEFAULT, 'cyk_atico', 'pdv_atico_1', 'Ático', 2, 'https://goo.gl/maps/C3pAJGPrT6zP3VX9A', 'Abierto', 'null');
INSERT INTO `Toppick_Schema`.`PuntoDeVenta` (`idPuntodeVenta`, `Usuario_nombreUsuario`, `Usuario_contraseña`, `nombre`, `tipoPuntoVenta`, `urlUbicacion`, `Estado`, `urlImagen`) VALUES (DEFAULT, 'cyk_cataluña', 'pdv_cataluña_1', 'Cataluña', 2, 'https://goo.gl/maps/yeacZTe6ZV29fSpQA', 'Abierto', 'null');
INSERT INTO `Toppick_Schema`.`PuntoDeVenta` (`idPuntodeVenta`, `Usuario_nombreUsuario`, `Usuario_contraseña`, `nombre`, `tipoPuntoVenta`, `urlUbicacion`, `Estado`, `urlImagen`) VALUES (DEFAULT, 'cyk_ingenieria', 'pdv_ingenieria_1', 'Ingeniería', 2, 'https://goo.gl/maps/jbjgSfuyNUnh87UPA', 'Abierto', 'null');
INSERT INTO `Toppick_Schema`.`PuntoDeVenta` (`idPuntodeVenta`, `Usuario_nombreUsuario`, `Usuario_contraseña`, `nombre`, `tipoPuntoVenta`, `urlUbicacion`, `Estado`, `urlImagen`) VALUES (DEFAULT, 'sal_frutera', 'pdv_frutera_1', 'La Frutera', 3, 'https://goo.gl/maps/qfnhFoRT49DNRHsm8', 'Abierto', 'null');
INSERT INTO `Toppick_Schema`.`PuntoDeVenta` (`idPuntodeVenta`, `Usuario_nombreUsuario`, `Usuario_contraseña`, `nombre`, `tipoPuntoVenta`, `urlUbicacion`, `Estado`, `urlImagen`) VALUES (DEFAULT, 'sal_frutera_basicas', 'pdv_s_basicas_1', 'Saludable Básicas', 3, 'https://goo.gl/maps/HoGQWioWKf5ywMme8', 'Abierto', 'null');
INSERT INTO `Toppick_Schema`.`PuntoDeVenta` (`idPuntodeVenta`, `Usuario_nombreUsuario`, `Usuario_contraseña`, `nombre`, `tipoPuntoVenta`, `urlUbicacion`, `Estado`, `urlImagen`) VALUES (DEFAULT, 'sal_frutera_giraldo', 'pdv_s_giraldo_1', 'Saludable Giraldo', 3, 'https://goo.gl/maps/KyQXtSx5hLAZTPcB6', 'Abierto', 'null');
INSERT INTO `Toppick_Schema`.`PuntoDeVenta` (`idPuntodeVenta`, `Usuario_nombreUsuario`, `Usuario_contraseña`, `nombre`, `tipoPuntoVenta`, `urlUbicacion`, `Estado`, `urlImagen`) VALUES (DEFAULT, 'sal_frutera_central', 'pdv_s_central_1', 'Saludable Central', 3, 'https://goo.gl/maps/9o3G8fSyrHgXDo3W6', 'Abierto', 'null');
INSERT INTO `Toppick_Schema`.`PuntoDeVenta` (`idPuntodeVenta`, `Usuario_nombreUsuario`, `Usuario_contraseña`, `nombre`, `tipoPuntoVenta`, `urlUbicacion`, `Estado`, `urlImagen`) VALUES (DEFAULT, 'res_italiano', 'pdv_italiano_1', 'El Italiano', 4, 'https://goo.gl/maps/HoGQWioWKf5ywMme8', 'Abierto', 'null');
INSERT INTO `Toppick_Schema`.`PuntoDeVenta` (`idPuntodeVenta`, `Usuario_nombreUsuario`, `Usuario_contraseña`, `nombre`, `tipoPuntoVenta`, `urlUbicacion`, `Estado`, `urlImagen`) VALUES (DEFAULT, 'res_creperia', 'pdv_creperia_1', 'La Creperia', 4, 'https://goo.gl/maps/ZHQW7QnDrSVhXvN57', 'Abierto', 'null');
INSERT INTO `Toppick_Schema`.`PuntoDeVenta` (`idPuntodeVenta`, `Usuario_nombreUsuario`, `Usuario_contraseña`, `nombre`, `tipoPuntoVenta`, `urlUbicacion`, `Estado`, `urlImagen`) VALUES (DEFAULT, 'res_mirador', 'pdv_mirador_1', 'Mirador', 4, 'https://goo.gl/maps/SYRgcDJBkARa6Jqy6', 'Abierto', 'null');
INSERT INTO `Toppick_Schema`.`PuntoDeVenta` (`idPuntodeVenta`, `Usuario_nombreUsuario`, `Usuario_contraseña`, `nombre`, `tipoPuntoVenta`, `urlUbicacion`, `Estado`, `urlImagen`) VALUES (DEFAULT, 'res_il_posto', 'pdv_il_posto_1', 'Il Posto', 4, 'https://goo.gl/maps/XWxPh58DwAePPhhH9', 'Abierto', 'null');

COMMIT;


-- -----------------------------------------------------
-- Data for table `Toppick_Schema`.`Día`
-- -----------------------------------------------------
START TRANSACTION;
USE `Toppick_Schema`;
INSERT INTO `Toppick_Schema`.`Día` (`idDía`, `nombre`) VALUES (1, 'Lunes');
INSERT INTO `Toppick_Schema`.`Día` (`idDía`, `nombre`) VALUES (2, 'Martes');
INSERT INTO `Toppick_Schema`.`Día` (`idDía`, `nombre`) VALUES (3, 'Miércoles');
INSERT INTO `Toppick_Schema`.`Día` (`idDía`, `nombre`) VALUES (4, 'Jueves');
INSERT INTO `Toppick_Schema`.`Día` (`idDía`, `nombre`) VALUES (5, 'Viernes');
INSERT INTO `Toppick_Schema`.`Día` (`idDía`, `nombre`) VALUES (6, 'Sábado');
INSERT INTO `Toppick_Schema`.`Día` (`idDía`, `nombre`) VALUES (7, 'Domingo');

COMMIT;


-- -----------------------------------------------------
-- Data for table `Toppick_Schema`.`HoraApertura`
-- -----------------------------------------------------
START TRANSACTION;
USE `Toppick_Schema`;
INSERT INTO `Toppick_Schema`.`HoraApertura` (`idHoraApertura`, `horaApertura`) VALUES (1, '00:00:00');
INSERT INTO `Toppick_Schema`.`HoraApertura` (`idHoraApertura`, `horaApertura`) VALUES (2, '06:00');
INSERT INTO `Toppick_Schema`.`HoraApertura` (`idHoraApertura`, `horaApertura`) VALUES (3, '06:30');
INSERT INTO `Toppick_Schema`.`HoraApertura` (`idHoraApertura`, `horaApertura`) VALUES (4, '07:00');
INSERT INTO `Toppick_Schema`.`HoraApertura` (`idHoraApertura`, `horaApertura`) VALUES (5, '12:00');

COMMIT;


-- -----------------------------------------------------
-- Data for table `Toppick_Schema`.`HoraCierre`
-- -----------------------------------------------------
START TRANSACTION;
USE `Toppick_Schema`;
INSERT INTO `Toppick_Schema`.`HoraCierre` (`idHoraCierre`, `horaCierre`) VALUES (1, '13:00');
INSERT INTO `Toppick_Schema`.`HoraCierre` (`idHoraCierre`, `horaCierre`) VALUES (2, '13:30');
INSERT INTO `Toppick_Schema`.`HoraCierre` (`idHoraCierre`, `horaCierre`) VALUES (3, '14:00');
INSERT INTO `Toppick_Schema`.`HoraCierre` (`idHoraCierre`, `horaCierre`) VALUES (4, '15:00');
INSERT INTO `Toppick_Schema`.`HoraCierre` (`idHoraCierre`, `horaCierre`) VALUES (5, '16:00');
INSERT INTO `Toppick_Schema`.`HoraCierre` (`idHoraCierre`, `horaCierre`) VALUES (6, '18:00');
INSERT INTO `Toppick_Schema`.`HoraCierre` (`idHoraCierre`, `horaCierre`) VALUES (7, '19:00');
INSERT INTO `Toppick_Schema`.`HoraCierre` (`idHoraCierre`, `horaCierre`) VALUES (8, '19:30');
INSERT INTO `Toppick_Schema`.`HoraCierre` (`idHoraCierre`, `horaCierre`) VALUES (9, '20:00');
INSERT INTO `Toppick_Schema`.`HoraCierre` (`idHoraCierre`, `horaCierre`) VALUES (10, '20:30');
INSERT INTO `Toppick_Schema`.`HoraCierre` (`idHoraCierre`, `horaCierre`) VALUES (11, '21:00');
INSERT INTO `Toppick_Schema`.`HoraCierre` (`idHoraCierre`, `horaCierre`) VALUES (12, '22:00');
INSERT INTO `Toppick_Schema`.`HoraCierre` (`idHoraCierre`, `horaCierre`) VALUES (13, '23:59:59');

COMMIT;


-- -----------------------------------------------------
-- Data for table `Toppick_Schema`.`Horario`
-- -----------------------------------------------------
START TRANSACTION;
USE `Toppick_Schema`;
INSERT INTO `Toppick_Schema`.`Horario` (`idHorario`, `HoraApertura_idHoraApertura`, `HoraCierre_idHoraApertura`) VALUES (1, 2, 11);
INSERT INTO `Toppick_Schema`.`Horario` (`idHorario`, `HoraApertura_idHoraApertura`, `HoraCierre_idHoraApertura`) VALUES (2, 4, 3);
INSERT INTO `Toppick_Schema`.`Horario` (`idHorario`, `HoraApertura_idHoraApertura`, `HoraCierre_idHoraApertura`) VALUES (3, 1, 13);
INSERT INTO `Toppick_Schema`.`Horario` (`idHorario`, `HoraApertura_idHoraApertura`, `HoraCierre_idHoraApertura`) VALUES (4, 3, 10);
INSERT INTO `Toppick_Schema`.`Horario` (`idHorario`, `HoraApertura_idHoraApertura`, `HoraCierre_idHoraApertura`) VALUES (5, 3, 11);
INSERT INTO `Toppick_Schema`.`Horario` (`idHorario`, `HoraApertura_idHoraApertura`, `HoraCierre_idHoraApertura`) VALUES (6, 4, 5);
INSERT INTO `Toppick_Schema`.`Horario` (`idHorario`, `HoraApertura_idHoraApertura`, `HoraCierre_idHoraApertura`) VALUES (7, 3, 9);
INSERT INTO `Toppick_Schema`.`Horario` (`idHorario`, `HoraApertura_idHoraApertura`, `HoraCierre_idHoraApertura`) VALUES (8, 4, 1);
INSERT INTO `Toppick_Schema`.`Horario` (`idHorario`, `HoraApertura_idHoraApertura`, `HoraCierre_idHoraApertura`) VALUES (9, 3, 8);
INSERT INTO `Toppick_Schema`.`Horario` (`idHorario`, `HoraApertura_idHoraApertura`, `HoraCierre_idHoraApertura`) VALUES (10, 3, 12);
INSERT INTO `Toppick_Schema`.`Horario` (`idHorario`, `HoraApertura_idHoraApertura`, `HoraCierre_idHoraApertura`) VALUES (11, 4, 4);
INSERT INTO `Toppick_Schema`.`Horario` (`idHorario`, `HoraApertura_idHoraApertura`, `HoraCierre_idHoraApertura`) VALUES (12, 4, 7);
INSERT INTO `Toppick_Schema`.`Horario` (`idHorario`, `HoraApertura_idHoraApertura`, `HoraCierre_idHoraApertura`) VALUES (13, 4, 2);
INSERT INTO `Toppick_Schema`.`Horario` (`idHorario`, `HoraApertura_idHoraApertura`, `HoraCierre_idHoraApertura`) VALUES (14, 5, 7);
INSERT INTO `Toppick_Schema`.`Horario` (`idHorario`, `HoraApertura_idHoraApertura`, `HoraCierre_idHoraApertura`) VALUES (15, 3, 6);

COMMIT;


-- -----------------------------------------------------
-- Data for table `Toppick_Schema`.`PuntoDeVentaXHorario`
-- -----------------------------------------------------
START TRANSACTION;
USE `Toppick_Schema`;
INSERT INTO `Toppick_Schema`.`PuntoDeVentaXHorario` (`PuntoDeVenta_idPuntodeVenta`, `Horario_idHorario`, `Día_idDía`) VALUES (1, 1, 1);
INSERT INTO `Toppick_Schema`.`PuntoDeVentaXHorario` (`PuntoDeVenta_idPuntodeVenta`, `Horario_idHorario`, `Día_idDía`) VALUES (1, 1, 2);
INSERT INTO `Toppick_Schema`.`PuntoDeVentaXHorario` (`PuntoDeVenta_idPuntodeVenta`, `Horario_idHorario`, `Día_idDía`) VALUES (1, 1, 3);
INSERT INTO `Toppick_Schema`.`PuntoDeVentaXHorario` (`PuntoDeVenta_idPuntodeVenta`, `Horario_idHorario`, `Día_idDía`) VALUES (1, 1, 4);
INSERT INTO `Toppick_Schema`.`PuntoDeVentaXHorario` (`PuntoDeVenta_idPuntodeVenta`, `Horario_idHorario`, `Día_idDía`) VALUES (1, 1, 5);
INSERT INTO `Toppick_Schema`.`PuntoDeVentaXHorario` (`PuntoDeVenta_idPuntodeVenta`, `Horario_idHorario`, `Día_idDía`) VALUES (1, 2, 6);
INSERT INTO `Toppick_Schema`.`PuntoDeVentaXHorario` (`PuntoDeVenta_idPuntodeVenta`, `Horario_idHorario`, `Día_idDía`) VALUES (2, 3, 1);
INSERT INTO `Toppick_Schema`.`PuntoDeVentaXHorario` (`PuntoDeVenta_idPuntodeVenta`, `Horario_idHorario`, `Día_idDía`) VALUES (2, 3, 2);
INSERT INTO `Toppick_Schema`.`PuntoDeVentaXHorario` (`PuntoDeVenta_idPuntodeVenta`, `Horario_idHorario`, `Día_idDía`) VALUES (2, 3, 3);
INSERT INTO `Toppick_Schema`.`PuntoDeVentaXHorario` (`PuntoDeVenta_idPuntodeVenta`, `Horario_idHorario`, `Día_idDía`) VALUES (2, 3, 4);
INSERT INTO `Toppick_Schema`.`PuntoDeVentaXHorario` (`PuntoDeVenta_idPuntodeVenta`, `Horario_idHorario`, `Día_idDía`) VALUES (2, 3, 5);
INSERT INTO `Toppick_Schema`.`PuntoDeVentaXHorario` (`PuntoDeVenta_idPuntodeVenta`, `Horario_idHorario`, `Día_idDía`) VALUES (2, 3, 6);
INSERT INTO `Toppick_Schema`.`PuntoDeVentaXHorario` (`PuntoDeVenta_idPuntodeVenta`, `Horario_idHorario`, `Día_idDía`) VALUES (2, 3, 7);
INSERT INTO `Toppick_Schema`.`PuntoDeVentaXHorario` (`PuntoDeVenta_idPuntodeVenta`, `Horario_idHorario`, `Día_idDía`) VALUES (3, 4, 1);
INSERT INTO `Toppick_Schema`.`PuntoDeVentaXHorario` (`PuntoDeVenta_idPuntodeVenta`, `Horario_idHorario`, `Día_idDía`) VALUES (3, 4, 2);
INSERT INTO `Toppick_Schema`.`PuntoDeVentaXHorario` (`PuntoDeVenta_idPuntodeVenta`, `Horario_idHorario`, `Día_idDía`) VALUES (3, 4, 3);
INSERT INTO `Toppick_Schema`.`PuntoDeVentaXHorario` (`PuntoDeVenta_idPuntodeVenta`, `Horario_idHorario`, `Día_idDía`) VALUES (3, 4, 4);
INSERT INTO `Toppick_Schema`.`PuntoDeVentaXHorario` (`PuntoDeVenta_idPuntodeVenta`, `Horario_idHorario`, `Día_idDía`) VALUES (3, 4, 5);
INSERT INTO `Toppick_Schema`.`PuntoDeVentaXHorario` (`PuntoDeVenta_idPuntodeVenta`, `Horario_idHorario`, `Día_idDía`) VALUES (3, 2, 6);
INSERT INTO `Toppick_Schema`.`PuntoDeVentaXHorario` (`PuntoDeVenta_idPuntodeVenta`, `Horario_idHorario`, `Día_idDía`) VALUES (4, 5, 1);
INSERT INTO `Toppick_Schema`.`PuntoDeVentaXHorario` (`PuntoDeVenta_idPuntodeVenta`, `Horario_idHorario`, `Día_idDía`) VALUES (4, 5, 2);
INSERT INTO `Toppick_Schema`.`PuntoDeVentaXHorario` (`PuntoDeVenta_idPuntodeVenta`, `Horario_idHorario`, `Día_idDía`) VALUES (4, 5, 3);
INSERT INTO `Toppick_Schema`.`PuntoDeVentaXHorario` (`PuntoDeVenta_idPuntodeVenta`, `Horario_idHorario`, `Día_idDía`) VALUES (4, 5, 4);
INSERT INTO `Toppick_Schema`.`PuntoDeVentaXHorario` (`PuntoDeVenta_idPuntodeVenta`, `Horario_idHorario`, `Día_idDía`) VALUES (4, 5, 5);
INSERT INTO `Toppick_Schema`.`PuntoDeVentaXHorario` (`PuntoDeVenta_idPuntodeVenta`, `Horario_idHorario`, `Día_idDía`) VALUES (4, 2, 6);
INSERT INTO `Toppick_Schema`.`PuntoDeVentaXHorario` (`PuntoDeVenta_idPuntodeVenta`, `Horario_idHorario`, `Día_idDía`) VALUES (5, 6, 1);
INSERT INTO `Toppick_Schema`.`PuntoDeVentaXHorario` (`PuntoDeVenta_idPuntodeVenta`, `Horario_idHorario`, `Día_idDía`) VALUES (5, 6, 2);
INSERT INTO `Toppick_Schema`.`PuntoDeVentaXHorario` (`PuntoDeVenta_idPuntodeVenta`, `Horario_idHorario`, `Día_idDía`) VALUES (5, 6, 3);
INSERT INTO `Toppick_Schema`.`PuntoDeVentaXHorario` (`PuntoDeVenta_idPuntodeVenta`, `Horario_idHorario`, `Día_idDía`) VALUES (5, 6, 4);
INSERT INTO `Toppick_Schema`.`PuntoDeVentaXHorario` (`PuntoDeVenta_idPuntodeVenta`, `Horario_idHorario`, `Día_idDía`) VALUES (5, 6, 5);
INSERT INTO `Toppick_Schema`.`PuntoDeVentaXHorario` (`PuntoDeVenta_idPuntodeVenta`, `Horario_idHorario`, `Día_idDía`) VALUES (6, 9, 1);
INSERT INTO `Toppick_Schema`.`PuntoDeVentaXHorario` (`PuntoDeVenta_idPuntodeVenta`, `Horario_idHorario`, `Día_idDía`) VALUES (6, 9, 2);
INSERT INTO `Toppick_Schema`.`PuntoDeVentaXHorario` (`PuntoDeVenta_idPuntodeVenta`, `Horario_idHorario`, `Día_idDía`) VALUES (6, 9, 3);
INSERT INTO `Toppick_Schema`.`PuntoDeVentaXHorario` (`PuntoDeVenta_idPuntodeVenta`, `Horario_idHorario`, `Día_idDía`) VALUES (6, 9, 4);
INSERT INTO `Toppick_Schema`.`PuntoDeVentaXHorario` (`PuntoDeVenta_idPuntodeVenta`, `Horario_idHorario`, `Día_idDía`) VALUES (6, 9, 5);
INSERT INTO `Toppick_Schema`.`PuntoDeVentaXHorario` (`PuntoDeVenta_idPuntodeVenta`, `Horario_idHorario`, `Día_idDía`) VALUES (6, 2, 6);
INSERT INTO `Toppick_Schema`.`PuntoDeVentaXHorario` (`PuntoDeVenta_idPuntodeVenta`, `Horario_idHorario`, `Día_idDía`) VALUES (7, 10, 1);
INSERT INTO `Toppick_Schema`.`PuntoDeVentaXHorario` (`PuntoDeVenta_idPuntodeVenta`, `Horario_idHorario`, `Día_idDía`) VALUES (7, 10, 2);
INSERT INTO `Toppick_Schema`.`PuntoDeVentaXHorario` (`PuntoDeVenta_idPuntodeVenta`, `Horario_idHorario`, `Día_idDía`) VALUES (7, 10, 3);
INSERT INTO `Toppick_Schema`.`PuntoDeVentaXHorario` (`PuntoDeVenta_idPuntodeVenta`, `Horario_idHorario`, `Día_idDía`) VALUES (7, 10, 4);
INSERT INTO `Toppick_Schema`.`PuntoDeVentaXHorario` (`PuntoDeVenta_idPuntodeVenta`, `Horario_idHorario`, `Día_idDía`) VALUES (7, 10, 5);
INSERT INTO `Toppick_Schema`.`PuntoDeVentaXHorario` (`PuntoDeVenta_idPuntodeVenta`, `Horario_idHorario`, `Día_idDía`) VALUES (7, 11, 6);
INSERT INTO `Toppick_Schema`.`PuntoDeVentaXHorario` (`PuntoDeVenta_idPuntodeVenta`, `Horario_idHorario`, `Día_idDía`) VALUES (8, 3, 1);
INSERT INTO `Toppick_Schema`.`PuntoDeVentaXHorario` (`PuntoDeVenta_idPuntodeVenta`, `Horario_idHorario`, `Día_idDía`) VALUES (8, 3, 2);
INSERT INTO `Toppick_Schema`.`PuntoDeVentaXHorario` (`PuntoDeVenta_idPuntodeVenta`, `Horario_idHorario`, `Día_idDía`) VALUES (8, 3, 3);
INSERT INTO `Toppick_Schema`.`PuntoDeVentaXHorario` (`PuntoDeVenta_idPuntodeVenta`, `Horario_idHorario`, `Día_idDía`) VALUES (8, 3, 4);
INSERT INTO `Toppick_Schema`.`PuntoDeVentaXHorario` (`PuntoDeVenta_idPuntodeVenta`, `Horario_idHorario`, `Día_idDía`) VALUES (8, 3, 5);
INSERT INTO `Toppick_Schema`.`PuntoDeVentaXHorario` (`PuntoDeVenta_idPuntodeVenta`, `Horario_idHorario`, `Día_idDía`) VALUES (8, 3, 6);
INSERT INTO `Toppick_Schema`.`PuntoDeVentaXHorario` (`PuntoDeVenta_idPuntodeVenta`, `Horario_idHorario`, `Día_idDía`) VALUES (8, 3, 7);
INSERT INTO `Toppick_Schema`.`PuntoDeVentaXHorario` (`PuntoDeVenta_idPuntodeVenta`, `Horario_idHorario`, `Día_idDía`) VALUES (9, 4, 1);
INSERT INTO `Toppick_Schema`.`PuntoDeVentaXHorario` (`PuntoDeVenta_idPuntodeVenta`, `Horario_idHorario`, `Día_idDía`) VALUES (9, 4, 2);
INSERT INTO `Toppick_Schema`.`PuntoDeVentaXHorario` (`PuntoDeVenta_idPuntodeVenta`, `Horario_idHorario`, `Día_idDía`) VALUES (9, 4, 3);
INSERT INTO `Toppick_Schema`.`PuntoDeVentaXHorario` (`PuntoDeVenta_idPuntodeVenta`, `Horario_idHorario`, `Día_idDía`) VALUES (9, 4, 4);
INSERT INTO `Toppick_Schema`.`PuntoDeVentaXHorario` (`PuntoDeVenta_idPuntodeVenta`, `Horario_idHorario`, `Día_idDía`) VALUES (9, 4, 5);
INSERT INTO `Toppick_Schema`.`PuntoDeVentaXHorario` (`PuntoDeVenta_idPuntodeVenta`, `Horario_idHorario`, `Día_idDía`) VALUES (9, 2, 6);
INSERT INTO `Toppick_Schema`.`PuntoDeVentaXHorario` (`PuntoDeVenta_idPuntodeVenta`, `Horario_idHorario`, `Día_idDía`) VALUES (10, 3, 1);
INSERT INTO `Toppick_Schema`.`PuntoDeVentaXHorario` (`PuntoDeVenta_idPuntodeVenta`, `Horario_idHorario`, `Día_idDía`) VALUES (10, 3, 2);
INSERT INTO `Toppick_Schema`.`PuntoDeVentaXHorario` (`PuntoDeVenta_idPuntodeVenta`, `Horario_idHorario`, `Día_idDía`) VALUES (10, 3, 3);
INSERT INTO `Toppick_Schema`.`PuntoDeVentaXHorario` (`PuntoDeVenta_idPuntodeVenta`, `Horario_idHorario`, `Día_idDía`) VALUES (10, 3, 4);
INSERT INTO `Toppick_Schema`.`PuntoDeVentaXHorario` (`PuntoDeVenta_idPuntodeVenta`, `Horario_idHorario`, `Día_idDía`) VALUES (10, 3, 5);
INSERT INTO `Toppick_Schema`.`PuntoDeVentaXHorario` (`PuntoDeVenta_idPuntodeVenta`, `Horario_idHorario`, `Día_idDía`) VALUES (10, 3, 6);
INSERT INTO `Toppick_Schema`.`PuntoDeVentaXHorario` (`PuntoDeVenta_idPuntodeVenta`, `Horario_idHorario`, `Día_idDía`) VALUES (10, 3, 7);
INSERT INTO `Toppick_Schema`.`PuntoDeVentaXHorario` (`PuntoDeVenta_idPuntodeVenta`, `Horario_idHorario`, `Día_idDía`) VALUES (11, 5, 1);
INSERT INTO `Toppick_Schema`.`PuntoDeVentaXHorario` (`PuntoDeVenta_idPuntodeVenta`, `Horario_idHorario`, `Día_idDía`) VALUES (11, 5, 2);
INSERT INTO `Toppick_Schema`.`PuntoDeVentaXHorario` (`PuntoDeVenta_idPuntodeVenta`, `Horario_idHorario`, `Día_idDía`) VALUES (11, 5, 3);
INSERT INTO `Toppick_Schema`.`PuntoDeVentaXHorario` (`PuntoDeVenta_idPuntodeVenta`, `Horario_idHorario`, `Día_idDía`) VALUES (11, 5, 4);
INSERT INTO `Toppick_Schema`.`PuntoDeVentaXHorario` (`PuntoDeVenta_idPuntodeVenta`, `Horario_idHorario`, `Día_idDía`) VALUES (11, 5, 5);
INSERT INTO `Toppick_Schema`.`PuntoDeVentaXHorario` (`PuntoDeVenta_idPuntodeVenta`, `Horario_idHorario`, `Día_idDía`) VALUES (11, 2, 6);
INSERT INTO `Toppick_Schema`.`PuntoDeVentaXHorario` (`PuntoDeVenta_idPuntodeVenta`, `Horario_idHorario`, `Día_idDía`) VALUES (12, 7, 1);
INSERT INTO `Toppick_Schema`.`PuntoDeVentaXHorario` (`PuntoDeVenta_idPuntodeVenta`, `Horario_idHorario`, `Día_idDía`) VALUES (12, 7, 2);
INSERT INTO `Toppick_Schema`.`PuntoDeVentaXHorario` (`PuntoDeVenta_idPuntodeVenta`, `Horario_idHorario`, `Día_idDía`) VALUES (12, 7, 3);
INSERT INTO `Toppick_Schema`.`PuntoDeVentaXHorario` (`PuntoDeVenta_idPuntodeVenta`, `Horario_idHorario`, `Día_idDía`) VALUES (12, 7, 4);
INSERT INTO `Toppick_Schema`.`PuntoDeVentaXHorario` (`PuntoDeVenta_idPuntodeVenta`, `Horario_idHorario`, `Día_idDía`) VALUES (12, 7, 5);
INSERT INTO `Toppick_Schema`.`PuntoDeVentaXHorario` (`PuntoDeVenta_idPuntodeVenta`, `Horario_idHorario`, `Día_idDía`) VALUES (12, 7, 6);
INSERT INTO `Toppick_Schema`.`PuntoDeVentaXHorario` (`PuntoDeVenta_idPuntodeVenta`, `Horario_idHorario`, `Día_idDía`) VALUES (13, 7, 1);
INSERT INTO `Toppick_Schema`.`PuntoDeVentaXHorario` (`PuntoDeVenta_idPuntodeVenta`, `Horario_idHorario`, `Día_idDía`) VALUES (13, 7, 2);
INSERT INTO `Toppick_Schema`.`PuntoDeVentaXHorario` (`PuntoDeVenta_idPuntodeVenta`, `Horario_idHorario`, `Día_idDía`) VALUES (13, 7, 3);
INSERT INTO `Toppick_Schema`.`PuntoDeVentaXHorario` (`PuntoDeVenta_idPuntodeVenta`, `Horario_idHorario`, `Día_idDía`) VALUES (13, 7, 4);
INSERT INTO `Toppick_Schema`.`PuntoDeVentaXHorario` (`PuntoDeVenta_idPuntodeVenta`, `Horario_idHorario`, `Día_idDía`) VALUES (13, 7, 5);
INSERT INTO `Toppick_Schema`.`PuntoDeVentaXHorario` (`PuntoDeVenta_idPuntodeVenta`, `Horario_idHorario`, `Día_idDía`) VALUES (13, 8, 6);
INSERT INTO `Toppick_Schema`.`PuntoDeVentaXHorario` (`PuntoDeVenta_idPuntodeVenta`, `Horario_idHorario`, `Día_idDía`) VALUES (14, 9, 1);
INSERT INTO `Toppick_Schema`.`PuntoDeVentaXHorario` (`PuntoDeVenta_idPuntodeVenta`, `Horario_idHorario`, `Día_idDía`) VALUES (14, 9, 2);
INSERT INTO `Toppick_Schema`.`PuntoDeVentaXHorario` (`PuntoDeVenta_idPuntodeVenta`, `Horario_idHorario`, `Día_idDía`) VALUES (14, 9, 3);
INSERT INTO `Toppick_Schema`.`PuntoDeVentaXHorario` (`PuntoDeVenta_idPuntodeVenta`, `Horario_idHorario`, `Día_idDía`) VALUES (14, 9, 4);
INSERT INTO `Toppick_Schema`.`PuntoDeVentaXHorario` (`PuntoDeVenta_idPuntodeVenta`, `Horario_idHorario`, `Día_idDía`) VALUES (14, 9, 5);
INSERT INTO `Toppick_Schema`.`PuntoDeVentaXHorario` (`PuntoDeVenta_idPuntodeVenta`, `Horario_idHorario`, `Día_idDía`) VALUES (14, 8, 6);
INSERT INTO `Toppick_Schema`.`PuntoDeVentaXHorario` (`PuntoDeVenta_idPuntodeVenta`, `Horario_idHorario`, `Día_idDía`) VALUES (15, 6, 1);
INSERT INTO `Toppick_Schema`.`PuntoDeVentaXHorario` (`PuntoDeVenta_idPuntodeVenta`, `Horario_idHorario`, `Día_idDía`) VALUES (15, 6, 2);
INSERT INTO `Toppick_Schema`.`PuntoDeVentaXHorario` (`PuntoDeVenta_idPuntodeVenta`, `Horario_idHorario`, `Día_idDía`) VALUES (15, 6, 3);
INSERT INTO `Toppick_Schema`.`PuntoDeVentaXHorario` (`PuntoDeVenta_idPuntodeVenta`, `Horario_idHorario`, `Día_idDía`) VALUES (15, 6, 4);
INSERT INTO `Toppick_Schema`.`PuntoDeVentaXHorario` (`PuntoDeVenta_idPuntodeVenta`, `Horario_idHorario`, `Día_idDía`) VALUES (15, 6, 5);
INSERT INTO `Toppick_Schema`.`PuntoDeVentaXHorario` (`PuntoDeVenta_idPuntodeVenta`, `Horario_idHorario`, `Día_idDía`) VALUES (16, 4, 1);
INSERT INTO `Toppick_Schema`.`PuntoDeVentaXHorario` (`PuntoDeVenta_idPuntodeVenta`, `Horario_idHorario`, `Día_idDía`) VALUES (16, 4, 2);
INSERT INTO `Toppick_Schema`.`PuntoDeVentaXHorario` (`PuntoDeVenta_idPuntodeVenta`, `Horario_idHorario`, `Día_idDía`) VALUES (16, 4, 3);
INSERT INTO `Toppick_Schema`.`PuntoDeVentaXHorario` (`PuntoDeVenta_idPuntodeVenta`, `Horario_idHorario`, `Día_idDía`) VALUES (16, 4, 4);
INSERT INTO `Toppick_Schema`.`PuntoDeVentaXHorario` (`PuntoDeVenta_idPuntodeVenta`, `Horario_idHorario`, `Día_idDía`) VALUES (16, 4, 5);
INSERT INTO `Toppick_Schema`.`PuntoDeVentaXHorario` (`PuntoDeVenta_idPuntodeVenta`, `Horario_idHorario`, `Día_idDía`) VALUES (16, 2, 6);
INSERT INTO `Toppick_Schema`.`PuntoDeVentaXHorario` (`PuntoDeVenta_idPuntodeVenta`, `Horario_idHorario`, `Día_idDía`) VALUES (18, 4, 1);
INSERT INTO `Toppick_Schema`.`PuntoDeVentaXHorario` (`PuntoDeVenta_idPuntodeVenta`, `Horario_idHorario`, `Día_idDía`) VALUES (18, 4, 2);
INSERT INTO `Toppick_Schema`.`PuntoDeVentaXHorario` (`PuntoDeVenta_idPuntodeVenta`, `Horario_idHorario`, `Día_idDía`) VALUES (18, 4, 3);
INSERT INTO `Toppick_Schema`.`PuntoDeVentaXHorario` (`PuntoDeVenta_idPuntodeVenta`, `Horario_idHorario`, `Día_idDía`) VALUES (18, 4, 4);
INSERT INTO `Toppick_Schema`.`PuntoDeVentaXHorario` (`PuntoDeVenta_idPuntodeVenta`, `Horario_idHorario`, `Día_idDía`) VALUES (18, 4, 5);
INSERT INTO `Toppick_Schema`.`PuntoDeVentaXHorario` (`PuntoDeVenta_idPuntodeVenta`, `Horario_idHorario`, `Día_idDía`) VALUES (18, 2, 6);
INSERT INTO `Toppick_Schema`.`PuntoDeVentaXHorario` (`PuntoDeVenta_idPuntodeVenta`, `Horario_idHorario`, `Día_idDía`) VALUES (19, 5, 1);
INSERT INTO `Toppick_Schema`.`PuntoDeVentaXHorario` (`PuntoDeVenta_idPuntodeVenta`, `Horario_idHorario`, `Día_idDía`) VALUES (19, 5, 2);
INSERT INTO `Toppick_Schema`.`PuntoDeVentaXHorario` (`PuntoDeVenta_idPuntodeVenta`, `Horario_idHorario`, `Día_idDía`) VALUES (19, 5, 3);
INSERT INTO `Toppick_Schema`.`PuntoDeVentaXHorario` (`PuntoDeVenta_idPuntodeVenta`, `Horario_idHorario`, `Día_idDía`) VALUES (19, 5, 4);
INSERT INTO `Toppick_Schema`.`PuntoDeVentaXHorario` (`PuntoDeVenta_idPuntodeVenta`, `Horario_idHorario`, `Día_idDía`) VALUES (19, 5, 5);
INSERT INTO `Toppick_Schema`.`PuntoDeVentaXHorario` (`PuntoDeVenta_idPuntodeVenta`, `Horario_idHorario`, `Día_idDía`) VALUES (19, 2, 6);
INSERT INTO `Toppick_Schema`.`PuntoDeVentaXHorario` (`PuntoDeVenta_idPuntodeVenta`, `Horario_idHorario`, `Día_idDía`) VALUES (20, 1, 1);
INSERT INTO `Toppick_Schema`.`PuntoDeVentaXHorario` (`PuntoDeVenta_idPuntodeVenta`, `Horario_idHorario`, `Día_idDía`) VALUES (20, 1, 2);
INSERT INTO `Toppick_Schema`.`PuntoDeVentaXHorario` (`PuntoDeVenta_idPuntodeVenta`, `Horario_idHorario`, `Día_idDía`) VALUES (20, 1, 3);
INSERT INTO `Toppick_Schema`.`PuntoDeVentaXHorario` (`PuntoDeVenta_idPuntodeVenta`, `Horario_idHorario`, `Día_idDía`) VALUES (20, 1, 4);
INSERT INTO `Toppick_Schema`.`PuntoDeVentaXHorario` (`PuntoDeVenta_idPuntodeVenta`, `Horario_idHorario`, `Día_idDía`) VALUES (20, 1, 5);
INSERT INTO `Toppick_Schema`.`PuntoDeVentaXHorario` (`PuntoDeVenta_idPuntodeVenta`, `Horario_idHorario`, `Día_idDía`) VALUES (20, 2, 6);
INSERT INTO `Toppick_Schema`.`PuntoDeVentaXHorario` (`PuntoDeVenta_idPuntodeVenta`, `Horario_idHorario`, `Día_idDía`) VALUES (21, 14, 1);
INSERT INTO `Toppick_Schema`.`PuntoDeVentaXHorario` (`PuntoDeVenta_idPuntodeVenta`, `Horario_idHorario`, `Día_idDía`) VALUES (21, 14, 2);
INSERT INTO `Toppick_Schema`.`PuntoDeVentaXHorario` (`PuntoDeVenta_idPuntodeVenta`, `Horario_idHorario`, `Día_idDía`) VALUES (21, 14, 3);
INSERT INTO `Toppick_Schema`.`PuntoDeVentaXHorario` (`PuntoDeVenta_idPuntodeVenta`, `Horario_idHorario`, `Día_idDía`) VALUES (21, 14, 4);
INSERT INTO `Toppick_Schema`.`PuntoDeVentaXHorario` (`PuntoDeVenta_idPuntodeVenta`, `Horario_idHorario`, `Día_idDía`) VALUES (21, 14, 5);
INSERT INTO `Toppick_Schema`.`PuntoDeVentaXHorario` (`PuntoDeVenta_idPuntodeVenta`, `Horario_idHorario`, `Día_idDía`) VALUES (22, 15, 1);
INSERT INTO `Toppick_Schema`.`PuntoDeVentaXHorario` (`PuntoDeVenta_idPuntodeVenta`, `Horario_idHorario`, `Día_idDía`) VALUES (22, 15, 2);
INSERT INTO `Toppick_Schema`.`PuntoDeVentaXHorario` (`PuntoDeVenta_idPuntodeVenta`, `Horario_idHorario`, `Día_idDía`) VALUES (22, 15, 3);
INSERT INTO `Toppick_Schema`.`PuntoDeVentaXHorario` (`PuntoDeVenta_idPuntodeVenta`, `Horario_idHorario`, `Día_idDía`) VALUES (22, 15, 4);
INSERT INTO `Toppick_Schema`.`PuntoDeVentaXHorario` (`PuntoDeVenta_idPuntodeVenta`, `Horario_idHorario`, `Día_idDía`) VALUES (22, 15, 5);
INSERT INTO `Toppick_Schema`.`PuntoDeVentaXHorario` (`PuntoDeVenta_idPuntodeVenta`, `Horario_idHorario`, `Día_idDía`) VALUES (23, 11, 1);
INSERT INTO `Toppick_Schema`.`PuntoDeVentaXHorario` (`PuntoDeVenta_idPuntodeVenta`, `Horario_idHorario`, `Día_idDía`) VALUES (23, 11, 2);
INSERT INTO `Toppick_Schema`.`PuntoDeVentaXHorario` (`PuntoDeVenta_idPuntodeVenta`, `Horario_idHorario`, `Día_idDía`) VALUES (23, 11, 3);
INSERT INTO `Toppick_Schema`.`PuntoDeVentaXHorario` (`PuntoDeVenta_idPuntodeVenta`, `Horario_idHorario`, `Día_idDía`) VALUES (23, 11, 4);
INSERT INTO `Toppick_Schema`.`PuntoDeVentaXHorario` (`PuntoDeVenta_idPuntodeVenta`, `Horario_idHorario`, `Día_idDía`) VALUES (23, 11, 5);
INSERT INTO `Toppick_Schema`.`PuntoDeVentaXHorario` (`PuntoDeVenta_idPuntodeVenta`, `Horario_idHorario`, `Día_idDía`) VALUES (24, 12, 1);
INSERT INTO `Toppick_Schema`.`PuntoDeVentaXHorario` (`PuntoDeVenta_idPuntodeVenta`, `Horario_idHorario`, `Día_idDía`) VALUES (24, 12, 2);
INSERT INTO `Toppick_Schema`.`PuntoDeVentaXHorario` (`PuntoDeVenta_idPuntodeVenta`, `Horario_idHorario`, `Día_idDía`) VALUES (24, 12, 3);
INSERT INTO `Toppick_Schema`.`PuntoDeVentaXHorario` (`PuntoDeVenta_idPuntodeVenta`, `Horario_idHorario`, `Día_idDía`) VALUES (24, 12, 4);
INSERT INTO `Toppick_Schema`.`PuntoDeVentaXHorario` (`PuntoDeVenta_idPuntodeVenta`, `Horario_idHorario`, `Día_idDía`) VALUES (24, 12, 5);
INSERT INTO `Toppick_Schema`.`PuntoDeVentaXHorario` (`PuntoDeVenta_idPuntodeVenta`, `Horario_idHorario`, `Día_idDía`) VALUES (24, 13, 6);

COMMIT;


-- -----------------------------------------------------
-- Data for table `Toppick_Schema`.`Especialidad`
-- -----------------------------------------------------
START TRANSACTION;
USE `Toppick_Schema`;
INSERT INTO `Toppick_Schema`.`Especialidad` (`Producto_idProducto`, `horaInicioDisponibilidad`, `horaFinDisponibilidad`, `descripcion`) VALUES (1, '11:30', '16:00', 'Gustosa preparación mexicana de tortillas con exquisito relleno de carne de Res con acompañamientos para elegir.');
INSERT INTO `Toppick_Schema`.`Especialidad` (`Producto_idProducto`, `horaInicioDisponibilidad`, `horaFinDisponibilidad`, `descripcion`) VALUES (2, '11:30', '16:00', 'Gustosa preparación mexicana de tortillas con exquisito relleno de Pollo con acompañamientos para elegir.');
INSERT INTO `Toppick_Schema`.`Especialidad` (`Producto_idProducto`, `horaInicioDisponibilidad`, `horaFinDisponibilidad`, `descripcion`) VALUES (3, '11:30', '16:00', 'Gustosa preparación mexicana de tortillas con exquisito relleno de carne de Cerdo con acompañamientos para elegir.');
INSERT INTO `Toppick_Schema`.`Especialidad` (`Producto_idProducto`, `horaInicioDisponibilidad`, `horaFinDisponibilidad`, `descripcion`) VALUES (4, '11:30', '16:00', 'Gustosa preparación mexicana de tortillas con exquisito relleno de Chile con acompañamientos para elegir.');
INSERT INTO `Toppick_Schema`.`Especialidad` (`Producto_idProducto`, `horaInicioDisponibilidad`, `horaFinDisponibilidad`, `descripcion`) VALUES (5, '11:00', '16:00', 'Arroz Salteado con salsa de soya acompañado de champiñones y vegetales a la parrilla para elegir.');
INSERT INTO `Toppick_Schema`.`Especialidad` (`Producto_idProducto`, `horaInicioDisponibilidad`, `horaFinDisponibilidad`, `descripcion`) VALUES (6, '11:00', '16:00', 'Arroz Salteado con salsa de soya acompañado de carnes y vegetales a la parrilla para elegir.');

COMMIT;


-- -----------------------------------------------------
-- Data for table `Toppick_Schema`.`Acompañamiento`
-- -----------------------------------------------------
START TRANSACTION;
USE `Toppick_Schema`;
INSERT INTO `Toppick_Schema`.`Acompañamiento` (`idAcompañamiento`, `nombre`, `tipo`) VALUES (1, 'Sour Cream', 'Burrito');
INSERT INTO `Toppick_Schema`.`Acompañamiento` (`idAcompañamiento`, `nombre`, `tipo`) VALUES (2, 'Queso', 'Burrito');
INSERT INTO `Toppick_Schema`.`Acompañamiento` (`idAcompañamiento`, `nombre`, `tipo`) VALUES (3, 'Lechuga', 'Burrtio');
INSERT INTO `Toppick_Schema`.`Acompañamiento` (`idAcompañamiento`, `nombre`, `tipo`) VALUES (4, 'Gucamole', 'Burrito');
INSERT INTO `Toppick_Schema`.`Acompañamiento` (`idAcompañamiento`, `nombre`, `tipo`) VALUES (5, 'Pico de Gallo', 'Burrito');
INSERT INTO `Toppick_Schema`.`Acompañamiento` (`idAcompañamiento`, `nombre`, `tipo`) VALUES (6, 'Maíz', 'Burrito');
INSERT INTO `Toppick_Schema`.`Acompañamiento` (`idAcompañamiento`, `nombre`, `tipo`) VALUES (7, 'Salsa Roja', 'Burrito');
INSERT INTO `Toppick_Schema`.`Acompañamiento` (`idAcompañamiento`, `nombre`, `tipo`) VALUES (8, 'Salsa Verde', 'Burrito');
INSERT INTO `Toppick_Schema`.`Acompañamiento` (`idAcompañamiento`, `nombre`, `tipo`) VALUES (9, 'Apio', 'Teppanyaki');
INSERT INTO `Toppick_Schema`.`Acompañamiento` (`idAcompañamiento`, `nombre`, `tipo`) VALUES (10, 'Cebolla Cabezona', 'Teppanyaki');
INSERT INTO `Toppick_Schema`.`Acompañamiento` (`idAcompañamiento`, `nombre`, `tipo`) VALUES (11, 'Pimentón Rojo', 'Teppanyaki');
INSERT INTO `Toppick_Schema`.`Acompañamiento` (`idAcompañamiento`, `nombre`, `tipo`) VALUES (12, 'Zuchini Amarilla', 'Teppanyaki');
INSERT INTO `Toppick_Schema`.`Acompañamiento` (`idAcompañamiento`, `nombre`, `tipo`) VALUES (13, 'Zuchini Verde', 'Teppanyaki');
INSERT INTO `Toppick_Schema`.`Acompañamiento` (`idAcompañamiento`, `nombre`, `tipo`) VALUES (14, 'Calamar', 'Teppanyaki');
INSERT INTO `Toppick_Schema`.`Acompañamiento` (`idAcompañamiento`, `nombre`, `tipo`) VALUES (15, 'Pollo', 'Teppanyaki');
INSERT INTO `Toppick_Schema`.`Acompañamiento` (`idAcompañamiento`, `nombre`, `tipo`) VALUES (16, 'Cerdo', 'Teppanyaki');
INSERT INTO `Toppick_Schema`.`Acompañamiento` (`idAcompañamiento`, `nombre`, `tipo`) VALUES (17, 'Filte de Pescado', 'Teppanyaki');
INSERT INTO `Toppick_Schema`.`Acompañamiento` (`idAcompañamiento`, `nombre`, `tipo`) VALUES (18, 'Huevo', 'Teppanyaki');

COMMIT;


-- -----------------------------------------------------
-- Data for table `Toppick_Schema`.`Desayuno`
-- -----------------------------------------------------
START TRANSACTION;
USE `Toppick_Schema`;
INSERT INTO `Toppick_Schema`.`Desayuno` (`Producto_idProducto`, `horaInicioDisponibilidad`, `horaFinDisponibilidad`, `tipo`) VALUES (7, '06:00', '11:00', 'Huevos');
INSERT INTO `Toppick_Schema`.`Desayuno` (`Producto_idProducto`, `horaInicioDisponibilidad`, `horaFinDisponibilidad`, `tipo`) VALUES (8, '06:00', '11:00', 'Huevos');
INSERT INTO `Toppick_Schema`.`Desayuno` (`Producto_idProducto`, `horaInicioDisponibilidad`, `horaFinDisponibilidad`, `tipo`) VALUES (9, '06:00', '11:00', 'Huevos');
INSERT INTO `Toppick_Schema`.`Desayuno` (`Producto_idProducto`, `horaInicioDisponibilidad`, `horaFinDisponibilidad`, `tipo`) VALUES (10, '06:00', '11:00', 'Huevos');
INSERT INTO `Toppick_Schema`.`Desayuno` (`Producto_idProducto`, `horaInicioDisponibilidad`, `horaFinDisponibilidad`, `tipo`) VALUES (11, '06:00', '11:00', 'Huevos');
INSERT INTO `Toppick_Schema`.`Desayuno` (`Producto_idProducto`, `horaInicioDisponibilidad`, `horaFinDisponibilidad`, `tipo`) VALUES (12, '06:00', '11:00', 'Especial');
INSERT INTO `Toppick_Schema`.`Desayuno` (`Producto_idProducto`, `horaInicioDisponibilidad`, `horaFinDisponibilidad`, `tipo`) VALUES (13, '06:00', '11:00', 'Especial');
INSERT INTO `Toppick_Schema`.`Desayuno` (`Producto_idProducto`, `horaInicioDisponibilidad`, `horaFinDisponibilidad`, `tipo`) VALUES (14, '06:00', '11:00', 'Especial');
INSERT INTO `Toppick_Schema`.`Desayuno` (`Producto_idProducto`, `horaInicioDisponibilidad`, `horaFinDisponibilidad`, `tipo`) VALUES (15, '06:00', '11:00', 'Especial');
INSERT INTO `Toppick_Schema`.`Desayuno` (`Producto_idProducto`, `horaInicioDisponibilidad`, `horaFinDisponibilidad`, `tipo`) VALUES (16, '06:00', '11:00', 'Especial');

COMMIT;


-- -----------------------------------------------------
-- Data for table `Toppick_Schema`.`ComidaRapida`
-- -----------------------------------------------------
START TRANSACTION;
USE `Toppick_Schema`;
INSERT INTO `Toppick_Schema`.`ComidaRapida` (`Producto_idProducto`, `tipo`, `descripcion`) VALUES (17, 'Hamburguesa', 'Hamburguesa de carne de res sencilla, tomate, cebolla y lechuga.');
INSERT INTO `Toppick_Schema`.`ComidaRapida` (`Producto_idProducto`, `tipo`, `descripcion`) VALUES (18, 'Hamburguesa', 'Hamburguesa de soya, tomate y lechuga.');
INSERT INTO `Toppick_Schema`.`ComidaRapida` (`Producto_idProducto`, `tipo`, `descripcion`) VALUES (19, 'Hamburguesa', 'Hamburguesa con carne de res en julianas encebolladas y queso cheddar.');
INSERT INTO `Toppick_Schema`.`ComidaRapida` (`Producto_idProducto`, `tipo`, `descripcion`) VALUES (20, 'Hamburguesa', 'Hamburguesa de carne de res en wrap de lechuga, cebolla y queso cheddar.');
INSERT INTO `Toppick_Schema`.`ComidaRapida` (`Producto_idProducto`, `tipo`, `descripcion`) VALUES (21, 'Hamburguesa', 'Hamburguesa de res en patacón, lechuga, cebolla, tomate y queso cheddar.');
INSERT INTO `Toppick_Schema`.`ComidaRapida` (`Producto_idProducto`, `tipo`, `descripcion`) VALUES (22, 'Perro', 'Salchicha, papa cabello de ángel y queso mozzarella.');
INSERT INTO `Toppick_Schema`.`ComidaRapida` (`Producto_idProducto`, `tipo`, `descripcion`) VALUES (23, 'Perro', 'Salchicha, salsa showy, queso doble crema, cebolla y pimentón caramelizados.');
INSERT INTO `Toppick_Schema`.`ComidaRapida` (`Producto_idProducto`, `tipo`, `descripcion`) VALUES (24, 'Perro', 'Salchicha, salsa showy, queso doble crema, tomate y chimichurri.');
INSERT INTO `Toppick_Schema`.`ComidaRapida` (`Producto_idProducto`, `tipo`, `descripcion`) VALUES (25, 'Perro', 'Salchicha, salsa showy, queso doble crema, aceitunas y pesto.');

COMMIT;


-- -----------------------------------------------------
-- Data for table `Toppick_Schema`.`AcompañamientoXEspecialidad`
-- -----------------------------------------------------
START TRANSACTION;
USE `Toppick_Schema`;
INSERT INTO `Toppick_Schema`.`AcompañamientoXEspecialidad` (`Especialidad_Producto_idProducto`, `Acompañamiento_idAcompañamiento`) VALUES (1, 1);
INSERT INTO `Toppick_Schema`.`AcompañamientoXEspecialidad` (`Especialidad_Producto_idProducto`, `Acompañamiento_idAcompañamiento`) VALUES (1, 2);
INSERT INTO `Toppick_Schema`.`AcompañamientoXEspecialidad` (`Especialidad_Producto_idProducto`, `Acompañamiento_idAcompañamiento`) VALUES (1, 3);
INSERT INTO `Toppick_Schema`.`AcompañamientoXEspecialidad` (`Especialidad_Producto_idProducto`, `Acompañamiento_idAcompañamiento`) VALUES (1, 4);
INSERT INTO `Toppick_Schema`.`AcompañamientoXEspecialidad` (`Especialidad_Producto_idProducto`, `Acompañamiento_idAcompañamiento`) VALUES (1, 5);
INSERT INTO `Toppick_Schema`.`AcompañamientoXEspecialidad` (`Especialidad_Producto_idProducto`, `Acompañamiento_idAcompañamiento`) VALUES (1, 6);
INSERT INTO `Toppick_Schema`.`AcompañamientoXEspecialidad` (`Especialidad_Producto_idProducto`, `Acompañamiento_idAcompañamiento`) VALUES (1, 7);
INSERT INTO `Toppick_Schema`.`AcompañamientoXEspecialidad` (`Especialidad_Producto_idProducto`, `Acompañamiento_idAcompañamiento`) VALUES (1, 8);
INSERT INTO `Toppick_Schema`.`AcompañamientoXEspecialidad` (`Especialidad_Producto_idProducto`, `Acompañamiento_idAcompañamiento`) VALUES (2, 1);
INSERT INTO `Toppick_Schema`.`AcompañamientoXEspecialidad` (`Especialidad_Producto_idProducto`, `Acompañamiento_idAcompañamiento`) VALUES (2, 2);
INSERT INTO `Toppick_Schema`.`AcompañamientoXEspecialidad` (`Especialidad_Producto_idProducto`, `Acompañamiento_idAcompañamiento`) VALUES (2, 3);
INSERT INTO `Toppick_Schema`.`AcompañamientoXEspecialidad` (`Especialidad_Producto_idProducto`, `Acompañamiento_idAcompañamiento`) VALUES (2, 4);
INSERT INTO `Toppick_Schema`.`AcompañamientoXEspecialidad` (`Especialidad_Producto_idProducto`, `Acompañamiento_idAcompañamiento`) VALUES (2, 5);
INSERT INTO `Toppick_Schema`.`AcompañamientoXEspecialidad` (`Especialidad_Producto_idProducto`, `Acompañamiento_idAcompañamiento`) VALUES (2, 6);
INSERT INTO `Toppick_Schema`.`AcompañamientoXEspecialidad` (`Especialidad_Producto_idProducto`, `Acompañamiento_idAcompañamiento`) VALUES (2, 7);
INSERT INTO `Toppick_Schema`.`AcompañamientoXEspecialidad` (`Especialidad_Producto_idProducto`, `Acompañamiento_idAcompañamiento`) VALUES (2, 8);
INSERT INTO `Toppick_Schema`.`AcompañamientoXEspecialidad` (`Especialidad_Producto_idProducto`, `Acompañamiento_idAcompañamiento`) VALUES (3, 1);
INSERT INTO `Toppick_Schema`.`AcompañamientoXEspecialidad` (`Especialidad_Producto_idProducto`, `Acompañamiento_idAcompañamiento`) VALUES (3, 2);
INSERT INTO `Toppick_Schema`.`AcompañamientoXEspecialidad` (`Especialidad_Producto_idProducto`, `Acompañamiento_idAcompañamiento`) VALUES (3, 3);
INSERT INTO `Toppick_Schema`.`AcompañamientoXEspecialidad` (`Especialidad_Producto_idProducto`, `Acompañamiento_idAcompañamiento`) VALUES (3, 4);
INSERT INTO `Toppick_Schema`.`AcompañamientoXEspecialidad` (`Especialidad_Producto_idProducto`, `Acompañamiento_idAcompañamiento`) VALUES (3, 5);
INSERT INTO `Toppick_Schema`.`AcompañamientoXEspecialidad` (`Especialidad_Producto_idProducto`, `Acompañamiento_idAcompañamiento`) VALUES (3, 6);
INSERT INTO `Toppick_Schema`.`AcompañamientoXEspecialidad` (`Especialidad_Producto_idProducto`, `Acompañamiento_idAcompañamiento`) VALUES (3, 7);
INSERT INTO `Toppick_Schema`.`AcompañamientoXEspecialidad` (`Especialidad_Producto_idProducto`, `Acompañamiento_idAcompañamiento`) VALUES (3, 8);
INSERT INTO `Toppick_Schema`.`AcompañamientoXEspecialidad` (`Especialidad_Producto_idProducto`, `Acompañamiento_idAcompañamiento`) VALUES (4, 1);
INSERT INTO `Toppick_Schema`.`AcompañamientoXEspecialidad` (`Especialidad_Producto_idProducto`, `Acompañamiento_idAcompañamiento`) VALUES (4, 2);
INSERT INTO `Toppick_Schema`.`AcompañamientoXEspecialidad` (`Especialidad_Producto_idProducto`, `Acompañamiento_idAcompañamiento`) VALUES (4, 3);
INSERT INTO `Toppick_Schema`.`AcompañamientoXEspecialidad` (`Especialidad_Producto_idProducto`, `Acompañamiento_idAcompañamiento`) VALUES (4, 4);
INSERT INTO `Toppick_Schema`.`AcompañamientoXEspecialidad` (`Especialidad_Producto_idProducto`, `Acompañamiento_idAcompañamiento`) VALUES (4, 5);
INSERT INTO `Toppick_Schema`.`AcompañamientoXEspecialidad` (`Especialidad_Producto_idProducto`, `Acompañamiento_idAcompañamiento`) VALUES (4, 6);
INSERT INTO `Toppick_Schema`.`AcompañamientoXEspecialidad` (`Especialidad_Producto_idProducto`, `Acompañamiento_idAcompañamiento`) VALUES (4, 7);
INSERT INTO `Toppick_Schema`.`AcompañamientoXEspecialidad` (`Especialidad_Producto_idProducto`, `Acompañamiento_idAcompañamiento`) VALUES (4, 8);
INSERT INTO `Toppick_Schema`.`AcompañamientoXEspecialidad` (`Especialidad_Producto_idProducto`, `Acompañamiento_idAcompañamiento`) VALUES (5, 9);
INSERT INTO `Toppick_Schema`.`AcompañamientoXEspecialidad` (`Especialidad_Producto_idProducto`, `Acompañamiento_idAcompañamiento`) VALUES (5, 10);
INSERT INTO `Toppick_Schema`.`AcompañamientoXEspecialidad` (`Especialidad_Producto_idProducto`, `Acompañamiento_idAcompañamiento`) VALUES (5, 11);
INSERT INTO `Toppick_Schema`.`AcompañamientoXEspecialidad` (`Especialidad_Producto_idProducto`, `Acompañamiento_idAcompañamiento`) VALUES (5, 12);
INSERT INTO `Toppick_Schema`.`AcompañamientoXEspecialidad` (`Especialidad_Producto_idProducto`, `Acompañamiento_idAcompañamiento`) VALUES (5, 13);
INSERT INTO `Toppick_Schema`.`AcompañamientoXEspecialidad` (`Especialidad_Producto_idProducto`, `Acompañamiento_idAcompañamiento`) VALUES (6, 9);
INSERT INTO `Toppick_Schema`.`AcompañamientoXEspecialidad` (`Especialidad_Producto_idProducto`, `Acompañamiento_idAcompañamiento`) VALUES (6, 10);
INSERT INTO `Toppick_Schema`.`AcompañamientoXEspecialidad` (`Especialidad_Producto_idProducto`, `Acompañamiento_idAcompañamiento`) VALUES (6, 11);
INSERT INTO `Toppick_Schema`.`AcompañamientoXEspecialidad` (`Especialidad_Producto_idProducto`, `Acompañamiento_idAcompañamiento`) VALUES (6, 12);
INSERT INTO `Toppick_Schema`.`AcompañamientoXEspecialidad` (`Especialidad_Producto_idProducto`, `Acompañamiento_idAcompañamiento`) VALUES (6, 13);
INSERT INTO `Toppick_Schema`.`AcompañamientoXEspecialidad` (`Especialidad_Producto_idProducto`, `Acompañamiento_idAcompañamiento`) VALUES (6, 14);
INSERT INTO `Toppick_Schema`.`AcompañamientoXEspecialidad` (`Especialidad_Producto_idProducto`, `Acompañamiento_idAcompañamiento`) VALUES (6, 15);
INSERT INTO `Toppick_Schema`.`AcompañamientoXEspecialidad` (`Especialidad_Producto_idProducto`, `Acompañamiento_idAcompañamiento`) VALUES (6, 16);
INSERT INTO `Toppick_Schema`.`AcompañamientoXEspecialidad` (`Especialidad_Producto_idProducto`, `Acompañamiento_idAcompañamiento`) VALUES (6, 17);
INSERT INTO `Toppick_Schema`.`AcompañamientoXEspecialidad` (`Especialidad_Producto_idProducto`, `Acompañamiento_idAcompañamiento`) VALUES (6, 18);

COMMIT;

