-- MySQL Script generated by MySQL Workbench
-- Thu May 13 19:24:54 2021
-- Model: New Model    Version: 1.0
-- MySQL Workbench Forward Engineering

-- -----------------------------------------------------
-- Data for table `Toppick_Schema`.`Usuario`
-- -----------------------------------------------------
START TRANSACTION;
USE `Toppick_Schema`;
INSERT INTO `Toppick_Schema`.`Usuario` (`IdUsuario`, `nombreUsuario`, `contraseña`) VALUES (DEFAULT, 'caf_central', 'pdv_central_1');
INSERT INTO `Toppick_Schema`.`Usuario` (`IdUsuario`, `nombreUsuario`, `contraseña`) VALUES (DEFAULT, 'caf_husi', 'pdv_husi_1');
INSERT INTO `Toppick_Schema`.`Usuario` (`IdUsuario`, `nombreUsuario`, `contraseña`) VALUES (DEFAULT, 'caf_basicas', 'pdv_basicas_1');
INSERT INTO `Toppick_Schema`.`Usuario` (`IdUsuario`, `nombreUsuario`, `contraseña`) VALUES (DEFAULT, 'caf_giraldo', 'pdv_giraldo_1');
INSERT INTO `Toppick_Schema`.`Usuario` (`IdUsuario`, `nombreUsuario`, `contraseña`) VALUES (DEFAULT, 'caf_bienestar', 'pdv_bienestar_1');
INSERT INTO `Toppick_Schema`.`Usuario` (`IdUsuario`, `nombreUsuario`, `contraseña`) VALUES (DEFAULT, 'cyk_biblioteca', 'pdv_biblioteca_1');
INSERT INTO `Toppick_Schema`.`Usuario` (`IdUsuario`, `nombreUsuario`, `contraseña`) VALUES (DEFAULT, 'cyk_sauce', 'pdv_sauce_1');
INSERT INTO `Toppick_Schema`.`Usuario` (`IdUsuario`, `nombreUsuario`, `contraseña`) VALUES (DEFAULT, 'cyk_urgencias', 'pdv_urgencias_1');
INSERT INTO `Toppick_Schema`.`Usuario` (`IdUsuario`, `nombreUsuario`, `contraseña`) VALUES (DEFAULT, 'cyk_arboleda', 'pdv_arboleda_1');
INSERT INTO `Toppick_Schema`.`Usuario` (`IdUsuario`, `nombreUsuario`, `contraseña`) VALUES (DEFAULT, 'cyk_estacion', 'pdv_estacion_1');
INSERT INTO `Toppick_Schema`.`Usuario` (`IdUsuario`, `nombreUsuario`, `contraseña`) VALUES (DEFAULT, 'cyk_baron', 'pdv_baron_1');
INSERT INTO `Toppick_Schema`.`Usuario` (`IdUsuario`, `nombreUsuario`, `contraseña`) VALUES (DEFAULT, 'cyk_urapanes', 'pdv_urapanes_1');
INSERT INTO `Toppick_Schema`.`Usuario` (`IdUsuario`, `nombreUsuario`, `contraseña`) VALUES (DEFAULT, 'cyk_pecera', 'pdv_pecera_1');
INSERT INTO `Toppick_Schema`.`Usuario` (`IdUsuario`, `nombreUsuario`, `contraseña`) VALUES (DEFAULT, 'cyk_atico', 'pdv_atico_1');
INSERT INTO `Toppick_Schema`.`Usuario` (`IdUsuario`, `nombreUsuario`, `contraseña`) VALUES (DEFAULT, 'cyk_cataluña', 'pdv_cataluña_1');
INSERT INTO `Toppick_Schema`.`Usuario` (`IdUsuario`, `nombreUsuario`, `contraseña`) VALUES (DEFAULT, 'cyk_ingenieria', 'pdv_ingenieria_1');
INSERT INTO `Toppick_Schema`.`Usuario` (`IdUsuario`, `nombreUsuario`, `contraseña`) VALUES (DEFAULT, 'sal_frutera', 'pdv_frutera_1');
INSERT INTO `Toppick_Schema`.`Usuario` (`IdUsuario`, `nombreUsuario`, `contraseña`) VALUES (DEFAULT, 'sal_frutera_basicas', 'pdv_s_basicas_1');
INSERT INTO `Toppick_Schema`.`Usuario` (`IdUsuario`, `nombreUsuario`, `contraseña`) VALUES (DEFAULT, 'sal_frutera_giraldo', 'pdv_s_giraldo_1');
INSERT INTO `Toppick_Schema`.`Usuario` (`IdUsuario`, `nombreUsuario`, `contraseña`) VALUES (DEFAULT, 'sal_frutera_central', 'pdv_s_central_1');
INSERT INTO `Toppick_Schema`.`Usuario` (`IdUsuario`, `nombreUsuario`, `contraseña`) VALUES (DEFAULT, 'res_italiano', 'pdv_italiano_1');
INSERT INTO `Toppick_Schema`.`Usuario` (`IdUsuario`, `nombreUsuario`, `contraseña`) VALUES (DEFAULT, 'res_creperia', 'pdv_creperia_1');
INSERT INTO `Toppick_Schema`.`Usuario` (`IdUsuario`, `nombreUsuario`, `contraseña`) VALUES (DEFAULT, 'res_mirador', 'pdv_mirador_1');
INSERT INTO `Toppick_Schema`.`Usuario` (`IdUsuario`, `nombreUsuario`, `contraseña`) VALUES (DEFAULT, 'res_il_posto', 'pdv_il_posto_1');
INSERT INTO `Toppick_Schema`.`Usuario` (`IdUsuario`, `nombreUsuario`, `contraseña`) VALUES (DEFAULT, 'simon_davila', 'preuba_1');
INSERT INTO `Toppick_Schema`.`Usuario` (`IdUsuario`, `nombreUsuario`, `contraseña`) VALUES (DEFAULT, 'juan_campos', 'prueba_2');
INSERT INTO `Toppick_Schema`.`Usuario` (`IdUsuario`, `nombreUsuario`, `contraseña`) VALUES (DEFAULT, 'gabriela_camacho', 'prueba_3');
INSERT INTO `Toppick_Schema`.`Usuario` (`IdUsuario`, `nombreUsuario`, `contraseña`) VALUES (DEFAULT, 'julian_builes', 'prueba_4');
INSERT INTO `Toppick_Schema`.`Usuario` (`IdUsuario`, `nombreUsuario`, `contraseña`) VALUES (DEFAULT, 'juan_hamon', 'prueba_5');
INSERT INTO `Toppick_Schema`.`Usuario` (`IdUsuario`, `nombreUsuario`, `contraseña`) VALUES (DEFAULT, 'camilo_buitrago', 'prueba_6');

COMMIT;


-- -----------------------------------------------------
-- Data for table `Toppick_Schema`.`Cliente`
-- -----------------------------------------------------
START TRANSACTION;
USE `Toppick_Schema`;
INSERT INTO `Toppick_Schema`.`Cliente` (`IdCliente`, `nombreCompleto`, `tipoDocumento`, `idDocumento`, `celular`) VALUES (DEFAULT, 'Simón Dávila Saravia', 'CC', 1018504328, 3108750771);
INSERT INTO `Toppick_Schema`.`Cliente` (`IdCliente`, `nombreCompleto`, `tipoDocumento`, `idDocumento`, `celular`) VALUES (DEFAULT, 'Juan Diego Campos Neira', 'CC', 1018504329, 3166266019);
INSERT INTO `Toppick_Schema`.`Cliente` (`IdCliente`, `nombreCompleto`, `tipoDocumento`, `idDocumento`, `celular`) VALUES (DEFAULT, 'Gabriela María Camacho Montejo', 'CC', 1018504330, 3002931505);
INSERT INTO `Toppick_Schema`.`Cliente` (`IdCliente`, `nombreCompleto`, `tipoDocumento`, `idDocumento`, `celular`) VALUES (DEFAULT, 'Julián Camilo Builes Buitrago', 'CC', 1018504331, 3156167536);
INSERT INTO `Toppick_Schema`.`Cliente` (`IdCliente`, `nombreCompleto`, `tipoDocumento`, `idDocumento`, `celular`) VALUES (DEFAULT, 'Juan Francisco Hamón Garcón', 'CC', 1018504332, 3044576728);
INSERT INTO `Toppick_Schema`.`Cliente` (`IdCliente`, `nombreCompleto`, `tipoDocumento`, `idDocumento`, `celular`) VALUES (DEFAULT, 'Camilo Andrés Buitrago Ladino', 'CC', 1018504333, 3045955980);

COMMIT;


-- -----------------------------------------------------
-- Data for table `Toppick_Schema`.`Producto`
-- -----------------------------------------------------
START TRANSACTION;
USE `Toppick_Schema`;
INSERT INTO `Toppick_Schema`.`Producto` (`idProducto`, `nombreProducto`, `descripcion`, `precio`, `tiempoPreparacion`, `calificacion`, `urlImagen`, `categoria`, `tipo`) VALUES (1, 'Burrito de Res', 'Gustosa preparación mexicana de tortillas con exquisito relleno de carne de Res con acompañamientos para elegir.', 11000, 10, NULL, NULL, 'Especialidades', 'Burritos');
INSERT INTO `Toppick_Schema`.`Producto` (`idProducto`, `nombreProducto`, `descripcion`, `precio`, `tiempoPreparacion`, `calificacion`, `urlImagen`, `categoria`, `tipo`) VALUES (2, 'Burrito de Pollo', 'Gustosa preparación mexicana de tortillas con exquisito relleno de Pollo con acompañamientos para elegir.', 11000, 10, NULL, NULL, 'Especialidades', 'Burritos');
INSERT INTO `Toppick_Schema`.`Producto` (`idProducto`, `nombreProducto`, `descripcion`, `precio`, `tiempoPreparacion`, `calificacion`, `urlImagen`, `categoria`, `tipo`) VALUES (3, 'Burrito de Cerdo', 'Gustosa preparación mexicana de tortillas con exquisito relleno de carne de Cerdo con acompañamientos para elegir.', 11000, 10, NULL, NULL, 'Especialidades', 'Burritos');
INSERT INTO `Toppick_Schema`.`Producto` (`idProducto`, `nombreProducto`, `descripcion`, `precio`, `tiempoPreparacion`, `calificacion`, `urlImagen`, `categoria`, `tipo`) VALUES (4, 'Burrito de Chile', 'Gustosa preparación mexicana de tortillas con exquisito relleno de Chile con acompañamientos para elegir.', 11000, 10, NULL, NULL, 'Especialidades', 'Burritos');
INSERT INTO `Toppick_Schema`.`Producto` (`idProducto`, `nombreProducto`, `descripcion`, `precio`, `tiempoPreparacion`, `calificacion`, `urlImagen`, `categoria`, `tipo`) VALUES (5, 'Arroz Teppanyaki Vegetariano', 'Arroz Salteado con salsa de soya acompañado de champiñones y vegetales a la parrilla para elegir.', 10900, 10, NULL, NULL, 'Especialidades', 'Teppanyaki');
INSERT INTO `Toppick_Schema`.`Producto` (`idProducto`, `nombreProducto`, `descripcion`, `precio`, `tiempoPreparacion`, `calificacion`, `urlImagen`, `categoria`, `tipo`) VALUES (6, 'Arroz Teppanyaki', 'Arroz Salteado con salsa de soya acompañado de carnes y vegetales a la parrilla para elegir.', 12500, 15, NULL, NULL, 'Especialidades', 'Teppanyaki');
INSERT INTO `Toppick_Schema`.`Producto` (`idProducto`, `nombreProducto`, `descripcion`, `precio`, `tiempoPreparacion`, `calificacion`, `urlImagen`, `categoria`, `tipo`) VALUES (7, 'Huevos Fritos', 'Preparación tradicional y rápida, con la yema líquida y la clara cuajada.', 2900, 8, NULL, NULL, 'Desayunos', 'Huevos');
INSERT INTO `Toppick_Schema`.`Producto` (`idProducto`, `nombreProducto`, `descripcion`, `precio`, `tiempoPreparacion`, `calificacion`, `urlImagen`, `categoria`, `tipo`) VALUES (8, 'Huevos Pericos', 'Preparación de huevos revueltos con tomate y cebolla.', 2900, 8, NULL, NULL, 'Desayunos', 'Huevos');
INSERT INTO `Toppick_Schema`.`Producto` (`idProducto`, `nombreProducto`, `descripcion`, `precio`, `tiempoPreparacion`, `calificacion`, `urlImagen`, `categoria`, `tipo`) VALUES (9, 'Huevos Con Jamón', 'Preparación de huevos revueltos con jamón.', 3600, 8, NULL, NULL, 'Desayunos', 'Huevos');
INSERT INTO `Toppick_Schema`.`Producto` (`idProducto`, `nombreProducto`, `descripcion`, `precio`, `tiempoPreparacion`, `calificacion`, `urlImagen`, `categoria`, `tipo`) VALUES (10, 'Huevos Con Jamón y Queso', 'Preparación de huevos revueltos con jamón y queso.', 3800, 8, NULL, NULL, 'Desayunos', 'Huevos');
INSERT INTO `Toppick_Schema`.`Producto` (`idProducto`, `nombreProducto`, `descripcion`, `precio`, `tiempoPreparacion`, `calificacion`, `urlImagen`, `categoria`, `tipo`) VALUES (11, 'Huevos Con Queso', 'Preparación de huevos revueltos con queso.', 3700, 8, NULL, NULL, 'Desayunos', 'Huevos');
INSERT INTO `Toppick_Schema`.`Producto` (`idProducto`, `nombreProducto`, `descripcion`, `precio`, `tiempoPreparacion`, `calificacion`, `urlImagen`, `categoria`, `tipo`) VALUES (12, 'Cereal con Leche', 'Cereal servido en una taza con leche.', 4000, 5, NULL, NULL, 'Desayunos', 'Especiales');
INSERT INTO `Toppick_Schema`.`Producto` (`idProducto`, `nombreProducto`, `descripcion`, `precio`, `tiempoPreparacion`, `calificacion`, `urlImagen`, `categoria`, `tipo`) VALUES (13, 'Tamal', 'Preparación a base de maíz, con zanahoria, arveja y carne de cerdo.', 5700, 5, NULL, NULL, 'Desayunos', 'Especiales');
INSERT INTO `Toppick_Schema`.`Producto` (`idProducto`, `nombreProducto`, `descripcion`, `precio`, `tiempoPreparacion`, `calificacion`, `urlImagen`, `categoria`, `tipo`) VALUES (14, 'Caldo con Costilla', 'Caldo de papa con Costilla de Res, cebolla y cilantro.', 5000, 5, NULL, NULL, 'Desayunos', 'Especiales');
INSERT INTO `Toppick_Schema`.`Producto` (`idProducto`, `nombreProducto`, `descripcion`, `precio`, `tiempoPreparacion`, `calificacion`, `urlImagen`, `categoria`, `tipo`) VALUES (15, 'Cereal con Yogurt', 'Cereal servido en una taza con Yogurt.', 4800, 5, NULL, NULL, 'Desayunos', 'Especiales');
INSERT INTO `Toppick_Schema`.`Producto` (`idProducto`, `nombreProducto`, `descripcion`, `precio`, `tiempoPreparacion`, `calificacion`, `urlImagen`, `categoria`, `tipo`) VALUES (16, 'Calentado del Día', 'Preparación a base de arroz mezcalada con frijol, papa y carne de res, además de un huevo frito.', 5700, 5, NULL, NULL, 'Desayunos', 'Especiales');
INSERT INTO `Toppick_Schema`.`Producto` (`idProducto`, `nombreProducto`, `descripcion`, `precio`, `tiempoPreparacion`, `calificacion`, `urlImagen`, `categoria`, `tipo`) VALUES (17, 'Hamburguesa Sencilla', 'Hamburguesa de carne de res sencilla, tomate, cebolla y lechuga.', 6800, 15, NULL, NULL, 'Comida Rápida', 'Hamburguesas');
INSERT INTO `Toppick_Schema`.`Producto` (`idProducto`, `nombreProducto`, `descripcion`, `precio`, `tiempoPreparacion`, `calificacion`, `urlImagen`, `categoria`, `tipo`) VALUES (18, 'Hamburguesa Vegetariana', 'Hamburguesa de soya, tomate y lechuga.', 8200, 15, NULL, NULL, 'Comida Rápida', 'Hamburguesas');
INSERT INTO `Toppick_Schema`.`Producto` (`idProducto`, `nombreProducto`, `descripcion`, `precio`, `tiempoPreparacion`, `calificacion`, `urlImagen`, `categoria`, `tipo`) VALUES (19, 'Hamburguesa con Carne en Julianas', 'Hamburguesa con carne de res en julianas encebolladas y queso cheddar.', 9000, 15, NULL, NULL, 'Comida Rápida', 'Hamburguesas');
INSERT INTO `Toppick_Schema`.`Producto` (`idProducto`, `nombreProducto`, `descripcion`, `precio`, `tiempoPreparacion`, `calificacion`, `urlImagen`, `categoria`, `tipo`) VALUES (20, 'Hamburguesa en Wrap de Lechuga', 'Hamburguesa de carne de res en wrap de lechuga, cebolla y queso cheddar.', 9000, 15, NULL, NULL, 'Comida Rápida', 'Hamburguesas');
INSERT INTO `Toppick_Schema`.`Producto` (`idProducto`, `nombreProducto`, `descripcion`, `precio`, `tiempoPreparacion`, `calificacion`, `urlImagen`, `categoria`, `tipo`) VALUES (21, 'Hamburguesa en Patacón', 'Hamburguesa de res en patacón, lechuga, cebolla, tomate y queso cheddar.', 9000, 15, NULL, NULL, 'Comida Rápida', 'Hamburguesas');
INSERT INTO `Toppick_Schema`.`Producto` (`idProducto`, `nombreProducto`, `descripcion`, `precio`, `tiempoPreparacion`, `calificacion`, `urlImagen`, `categoria`, `tipo`) VALUES (22, 'Perro Tradicional', 'Salchicha, papa cabello de ángel y queso mozzarella.', 6600, 10, NULL, NULL, 'Comida Rápida', 'Perros');
INSERT INTO `Toppick_Schema`.`Producto` (`idProducto`, `nombreProducto`, `descripcion`, `precio`, `tiempoPreparacion`, `calificacion`, `urlImagen`, `categoria`, `tipo`) VALUES (23, 'Perro Americano', 'Salchicha, salsa showy, queso doble crema, cebolla y pimentón caramelizados.', 8500, 10, NULL, NULL, 'Comida Rápida', 'Perros');
INSERT INTO `Toppick_Schema`.`Producto` (`idProducto`, `nombreProducto`, `descripcion`, `precio`, `tiempoPreparacion`, `calificacion`, `urlImagen`, `categoria`, `tipo`) VALUES (24, 'Perro Argentino', 'Salchicha, salsa showy, queso doble crema, tomate y chimichurri.', 8500, 10, NULL, NULL, 'Comida Rápida', 'Perros');
INSERT INTO `Toppick_Schema`.`Producto` (`idProducto`, `nombreProducto`, `descripcion`, `precio`, `tiempoPreparacion`, `calificacion`, `urlImagen`, `categoria`, `tipo`) VALUES (25, 'Perro Mediterráneo', 'Salchicha, salsa showy, queso doble crema, aceitunas y pesto.', 8500, 10, NULL, NULL, 'Comida Rápida', 'Perros');
INSERT INTO `Toppick_Schema`.`Producto` (`idProducto`, `nombreProducto`, `descripcion`, `precio`, `tiempoPreparacion`, `calificacion`, `urlImagen`, `categoria`, `tipo`) VALUES (26, 'Papas a la Francesa', 'Porción de papas a la francesa.', 0, 2, NULL, NULL, 'Otros', 'Adición');
INSERT INTO `Toppick_Schema`.`Producto` (`idProducto`, `nombreProducto`, `descripcion`, `precio`, `tiempoPreparacion`, `calificacion`, `urlImagen`, `categoria`, `tipo`) VALUES (27, 'Combo Hamburguesa Sencilla', 'Hamburguesa de carne de res sencilla, tomate, cebolla y lechuga. En combo con Papas a la francesa y bebida.', 11000, 12, NULL, NULL, 'Combos', 'Combo Hamburguesas');
INSERT INTO `Toppick_Schema`.`Producto` (`idProducto`, `nombreProducto`, `descripcion`, `precio`, `tiempoPreparacion`, `calificacion`, `urlImagen`, `categoria`, `tipo`) VALUES (28, 'Combo Hamburguesa Vegetariana', 'Hamburguesa de soya, tomate y lechuga. En combo con Papas a la francesa y bebida.', 11600, 12, NULL, NULL, 'Combos', 'Combo Hamburguesas');
INSERT INTO `Toppick_Schema`.`Producto` (`idProducto`, `nombreProducto`, `descripcion`, `precio`, `tiempoPreparacion`, `calificacion`, `urlImagen`, `categoria`, `tipo`) VALUES (29, 'Combo Hamburguesa con Carne en Julianas', 'Hamburguesa con carne de res en julianas encebolladas y queso cheddar. En combo con Papas a la francesa y bebida.', 14500, 12, NULL, NULL, 'Combos', 'Combo Hamburguesas');
INSERT INTO `Toppick_Schema`.`Producto` (`idProducto`, `nombreProducto`, `descripcion`, `precio`, `tiempoPreparacion`, `calificacion`, `urlImagen`, `categoria`, `tipo`) VALUES (30, 'Combo Hamburgesa en Wrap de Lechuga', 'Hamburguesa de carne de res en wrap de lechuga, cebolla y queso cheddar. En combo con Papas a la francesa y bebida.', 13000, 12, NULL, NULL, 'Combos', 'Combo Hamburguesas');
INSERT INTO `Toppick_Schema`.`Producto` (`idProducto`, `nombreProducto`, `descripcion`, `precio`, `tiempoPreparacion`, `calificacion`, `urlImagen`, `categoria`, `tipo`) VALUES (31, 'Combo Hamburguesa en Patacón', 'Hamburguesa de res en patacón, lechuga, cebolla, tomate y queso cheddar. En combo con Papas a la francesa y bebida.', 14000, 12, NULL, NULL, 'Combos', 'Combo Hamburguesas');
INSERT INTO `Toppick_Schema`.`Producto` (`idProducto`, `nombreProducto`, `descripcion`, `precio`, `tiempoPreparacion`, `calificacion`, `urlImagen`, `categoria`, `tipo`) VALUES (32, 'Combo Perro Tradicional', 'Salchicha, papa cabello de ángel y queso mozzarella. En combo con bebida.', 9400, 10, NULL, NULL, 'Combos', 'Combo Perros');
INSERT INTO `Toppick_Schema`.`Producto` (`idProducto`, `nombreProducto`, `descripcion`, `precio`, `tiempoPreparacion`, `calificacion`, `urlImagen`, `categoria`, `tipo`) VALUES (33, 'Combo Perro Americano', 'Salchicha, salsa showy, queso doble crema, cebolla y pimentón caramelizados.  En combo con bebida.', 10500, 10, NULL, NULL, 'Combos', 'Combo Perros');
INSERT INTO `Toppick_Schema`.`Producto` (`idProducto`, `nombreProducto`, `descripcion`, `precio`, `tiempoPreparacion`, `calificacion`, `urlImagen`, `categoria`, `tipo`) VALUES (34, 'Combo Perro Argentino', 'Salchicha, salsa showy, queso doble crema, tomate y chimichurri.  En combo con bebida.', 10500, 10, NULL, NULL, 'Combos', 'Combo Perros');
INSERT INTO `Toppick_Schema`.`Producto` (`idProducto`, `nombreProducto`, `descripcion`, `precio`, `tiempoPreparacion`, `calificacion`, `urlImagen`, `categoria`, `tipo`) VALUES (35, 'Combo Perro Mediterráneo', 'Salchicha, salsa showy, queso doble crema, aceitunas y pesto.  En combo con bebida.', 10500, 10, NULL, NULL, 'Combos', 'Combo Perros');
INSERT INTO `Toppick_Schema`.`Producto` (`idProducto`, `nombreProducto`, `descripcion`, `precio`, `tiempoPreparacion`, `calificacion`, `urlImagen`, `categoria`, `tipo`) VALUES (36, 'Fuz Tea negro durazno', 'Botella no retornable de 400 ml.', 3400, 0, NULL, NULL, 'Bebidas', 'Frías');
INSERT INTO `Toppick_Schema`.`Producto` (`idProducto`, `nombreProducto`, `descripcion`, `precio`, `tiempoPreparacion`, `calificacion`, `urlImagen`, `categoria`, `tipo`) VALUES (37, 'Fuz Tea negro limón', 'Botella no retornable de 400 ml.', 3400, 0, NULL, NULL, 'Bebidas', 'Frías');
INSERT INTO `Toppick_Schema`.`Producto` (`idProducto`, `nombreProducto`, `descripcion`, `precio`, `tiempoPreparacion`, `calificacion`, `urlImagen`, `categoria`, `tipo`) VALUES (38, 'Quatro', 'Botella no retornable de 400 ml.', 3500, 0, NULL, NULL, 'Bebidas', 'Frías');
INSERT INTO `Toppick_Schema`.`Producto` (`idProducto`, `nombreProducto`, `descripcion`, `precio`, `tiempoPreparacion`, `calificacion`, `urlImagen`, `categoria`, `tipo`) VALUES (39, 'Coca Cola lata original', 'Lata de 350 ml.', 3500, 0, NULL, NULL, 'Bebidas', 'Frías');
INSERT INTO `Toppick_Schema`.`Producto` (`idProducto`, `nombreProducto`, `descripcion`, `precio`, `tiempoPreparacion`, `calificacion`, `urlImagen`, `categoria`, `tipo`) VALUES (40, 'Coca Cola lata zero', 'Lata de 350 ml.', 3500, 0, NULL, NULL, 'Bebidas', 'Frías');
INSERT INTO `Toppick_Schema`.`Producto` (`idProducto`, `nombreProducto`, `descripcion`, `precio`, `tiempoPreparacion`, `calificacion`, `urlImagen`, `categoria`, `tipo`) VALUES (41, 'Agua H2OH limón', 'Botella no retornable de 600 ml.', 3600, 0, NULL, NULL, 'Bebidas', 'Frías');
INSERT INTO `Toppick_Schema`.`Producto` (`idProducto`, `nombreProducto`, `descripcion`, `precio`, `tiempoPreparacion`, `calificacion`, `urlImagen`, `categoria`, `tipo`) VALUES (42, 'Auga H2OH limonata', 'Botella no retornable de 600 ml.', 3600, 0, NULL, NULL, 'Bebidas', 'Frías');
INSERT INTO `Toppick_Schema`.`Producto` (`idProducto`, `nombreProducto`, `descripcion`, `precio`, `tiempoPreparacion`, `calificacion`, `urlImagen`, `categoria`, `tipo`) VALUES (43, 'Agua H2OH maracuyá', 'Botella no retornable de 600 ml.', 3600, 0, NULL, NULL, 'Bebidas', 'Frías');
INSERT INTO `Toppick_Schema`.`Producto` (`idProducto`, `nombreProducto`, `descripcion`, `precio`, `tiempoPreparacion`, `calificacion`, `urlImagen`, `categoria`, `tipo`) VALUES (44, 'Agua en botella', 'Botella no retornable de 600 ml.', 3600, 0, NULL, NULL, 'Bebidas', 'Frías');
INSERT INTO `Toppick_Schema`.`Producto` (`idProducto`, `nombreProducto`, `descripcion`, `precio`, `tiempoPreparacion`, `calificacion`, `urlImagen`, `categoria`, `tipo`) VALUES (45, 'Agua en botella con gas', 'Botella no retornable de 600 ml.', 3600, 0, NULL, NULL, 'Bebidas', 'Frías');
INSERT INTO `Toppick_Schema`.`Producto` (`idProducto`, `nombreProducto`, `descripcion`, `precio`, `tiempoPreparacion`, `calificacion`, `urlImagen`, `categoria`, `tipo`) VALUES (46, 'Coca Cola original', 'Botella no retornable de 400 ml', 3600, 0, NULL, NULL, 'Bebidas', 'Frías');
INSERT INTO `Toppick_Schema`.`Producto` (`idProducto`, `nombreProducto`, `descripcion`, `precio`, `tiempoPreparacion`, `calificacion`, `urlImagen`, `categoria`, `tipo`) VALUES (47, 'Coca Cola original', 'Botella no retornable de 600 ml', 4400, 0, NULL, NULL, 'Bebidas', 'Frías');
INSERT INTO `Toppick_Schema`.`Producto` (`idProducto`, `nombreProducto`, `descripcion`, `precio`, `tiempoPreparacion`, `calificacion`, `urlImagen`, `categoria`, `tipo`) VALUES (48, 'Coca Cola zero', 'Botella no retornable de 600 ml', 4400, 0, NULL, NULL, 'Bebidas', 'Frías');
INSERT INTO `Toppick_Schema`.`Producto` (`idProducto`, `nombreProducto`, `descripcion`, `precio`, `tiempoPreparacion`, `calificacion`, `urlImagen`, `categoria`, `tipo`) VALUES (49, 'Empanada de Queso', 'Masa de pan frita con relleno de queso.', 2100, 5, NULL, NULL, 'Otros', 'Panadería');
INSERT INTO `Toppick_Schema`.`Producto` (`idProducto`, `nombreProducto`, `descripcion`, `precio`, `tiempoPreparacion`, `calificacion`, `urlImagen`, `categoria`, `tipo`) VALUES (50, 'Empanada de Carne', 'Masa de pan frita con relleno de carne.', 2200, 5, NULL, NULL, 'Otros', 'Panadería');
INSERT INTO `Toppick_Schema`.`Producto` (`idProducto`, `nombreProducto`, `descripcion`, `precio`, `tiempoPreparacion`, `calificacion`, `urlImagen`, `categoria`, `tipo`) VALUES (51, 'Rollo de Canela', 'Masa de pan dulce.', 2200, 3, NULL, NULL, 'Otros', 'Panadería');
INSERT INTO `Toppick_Schema`.`Producto` (`idProducto`, `nombreProducto`, `descripcion`, `precio`, `tiempoPreparacion`, `calificacion`, `urlImagen`, `categoria`, `tipo`) VALUES (52, 'Arepa', 'Base de harina de trigo, rellena de queso.', 2700, 5, NULL, NULL, 'Otros', 'Panadería');
INSERT INTO `Toppick_Schema`.`Producto` (`idProducto`, `nombreProducto`, `descripcion`, `precio`, `tiempoPreparacion`, `calificacion`, `urlImagen`, `categoria`, `tipo`) VALUES (53, 'Rellenito de jamón y champiñones ', 'Masa de pan horneado con relleno de jamón y champilñones.', 2700, 5, NULL, NULL, 'Otros', 'Panadería');
INSERT INTO `Toppick_Schema`.`Producto` (`idProducto`, `nombreProducto`, `descripcion`, `precio`, `tiempoPreparacion`, `calificacion`, `urlImagen`, `categoria`, `tipo`) VALUES (54, 'Muffin de quinua y arándanos', 'Masa de harina horneada, con relleno de quinua y arándanos.', 2300, 3, NULL, NULL, 'Otros', 'Pastelería');
INSERT INTO `Toppick_Schema`.`Producto` (`idProducto`, `nombreProducto`, `descripcion`, `precio`, `tiempoPreparacion`, `calificacion`, `urlImagen`, `categoria`, `tipo`) VALUES (55, 'Galleta de Chocolate', 'Producto horneado a base de harina de trigo, huevos, azúcar, mantequilla y chocolate.', 2400, 3, NULL, NULL, 'Otros', 'Pastelería');
INSERT INTO `Toppick_Schema`.`Producto` (`idProducto`, `nombreProducto`, `descripcion`, `precio`, `tiempoPreparacion`, `calificacion`, `urlImagen`, `categoria`, `tipo`) VALUES (56, 'Galleta de avena y soya', 'Producto horneado a base de harina de trigo, huevos, azúcar, mantequilla, avena y soya.', 2400, 3, NULL, NULL, 'Otros', 'Pastelería');
INSERT INTO `Toppick_Schema`.`Producto` (`idProducto`, `nombreProducto`, `descripcion`, `precio`, `tiempoPreparacion`, `calificacion`, `urlImagen`, `categoria`, `tipo`) VALUES (57, 'Galleta de 6 cereales miel', 'Producto horneado a base de harina de trigo, huevos, azúcar, mantequilla y miel.', 2400, 3, NULL, NULL, 'Otros', 'Pastelería');
INSERT INTO `Toppick_Schema`.`Producto` (`idProducto`, `nombreProducto`, `descripcion`, `precio`, `tiempoPreparacion`, `calificacion`, `urlImagen`, `categoria`, `tipo`) VALUES (58, 'Galleta de centeno y ajonjolí', 'Producto horneado a base de harina de trigo, huevos, azúcar, mantequilla, centeno y ajonjolí', 2400, 3, NULL, NULL, 'Otros', 'Pastelería');

COMMIT;


-- -----------------------------------------------------
-- Data for table `Toppick_Schema`.`Combo`
-- -----------------------------------------------------
START TRANSACTION;
USE `Toppick_Schema`;
INSERT INTO `Toppick_Schema`.`Combo` (`Producto_idProducto`) VALUES (27);
INSERT INTO `Toppick_Schema`.`Combo` (`Producto_idProducto`) VALUES (28);
INSERT INTO `Toppick_Schema`.`Combo` (`Producto_idProducto`) VALUES (29);
INSERT INTO `Toppick_Schema`.`Combo` (`Producto_idProducto`) VALUES (30);
INSERT INTO `Toppick_Schema`.`Combo` (`Producto_idProducto`) VALUES (31);
INSERT INTO `Toppick_Schema`.`Combo` (`Producto_idProducto`) VALUES (32);
INSERT INTO `Toppick_Schema`.`Combo` (`Producto_idProducto`) VALUES (33);
INSERT INTO `Toppick_Schema`.`Combo` (`Producto_idProducto`) VALUES (34);
INSERT INTO `Toppick_Schema`.`Combo` (`Producto_idProducto`) VALUES (35);

COMMIT;


-- -----------------------------------------------------
-- Data for table `Toppick_Schema`.`ProductoXCombo`
-- -----------------------------------------------------
START TRANSACTION;
USE `Toppick_Schema`;
INSERT INTO `Toppick_Schema`.`ProductoXCombo` (`Combo_Producto_idProducto`, `Producto_idProducto`) VALUES (27, 17);
INSERT INTO `Toppick_Schema`.`ProductoXCombo` (`Combo_Producto_idProducto`, `Producto_idProducto`) VALUES (27, 26);
INSERT INTO `Toppick_Schema`.`ProductoXCombo` (`Combo_Producto_idProducto`, `Producto_idProducto`) VALUES (27, 46);
INSERT INTO `Toppick_Schema`.`ProductoXCombo` (`Combo_Producto_idProducto`, `Producto_idProducto`) VALUES (28, 18);
INSERT INTO `Toppick_Schema`.`ProductoXCombo` (`Combo_Producto_idProducto`, `Producto_idProducto`) VALUES (28, 26);
INSERT INTO `Toppick_Schema`.`ProductoXCombo` (`Combo_Producto_idProducto`, `Producto_idProducto`) VALUES (28, 46);
INSERT INTO `Toppick_Schema`.`ProductoXCombo` (`Combo_Producto_idProducto`, `Producto_idProducto`) VALUES (29, 19);
INSERT INTO `Toppick_Schema`.`ProductoXCombo` (`Combo_Producto_idProducto`, `Producto_idProducto`) VALUES (29, 26);
INSERT INTO `Toppick_Schema`.`ProductoXCombo` (`Combo_Producto_idProducto`, `Producto_idProducto`) VALUES (29, 46);
INSERT INTO `Toppick_Schema`.`ProductoXCombo` (`Combo_Producto_idProducto`, `Producto_idProducto`) VALUES (30, 20);
INSERT INTO `Toppick_Schema`.`ProductoXCombo` (`Combo_Producto_idProducto`, `Producto_idProducto`) VALUES (30, 26);
INSERT INTO `Toppick_Schema`.`ProductoXCombo` (`Combo_Producto_idProducto`, `Producto_idProducto`) VALUES (30, 46);
INSERT INTO `Toppick_Schema`.`ProductoXCombo` (`Combo_Producto_idProducto`, `Producto_idProducto`) VALUES (31, 21);
INSERT INTO `Toppick_Schema`.`ProductoXCombo` (`Combo_Producto_idProducto`, `Producto_idProducto`) VALUES (31, 26);
INSERT INTO `Toppick_Schema`.`ProductoXCombo` (`Combo_Producto_idProducto`, `Producto_idProducto`) VALUES (31, 46);
INSERT INTO `Toppick_Schema`.`ProductoXCombo` (`Combo_Producto_idProducto`, `Producto_idProducto`) VALUES (32, 22);
INSERT INTO `Toppick_Schema`.`ProductoXCombo` (`Combo_Producto_idProducto`, `Producto_idProducto`) VALUES (32, 26);
INSERT INTO `Toppick_Schema`.`ProductoXCombo` (`Combo_Producto_idProducto`, `Producto_idProducto`) VALUES (32, 46);
INSERT INTO `Toppick_Schema`.`ProductoXCombo` (`Combo_Producto_idProducto`, `Producto_idProducto`) VALUES (33, 23);
INSERT INTO `Toppick_Schema`.`ProductoXCombo` (`Combo_Producto_idProducto`, `Producto_idProducto`) VALUES (33, 26);
INSERT INTO `Toppick_Schema`.`ProductoXCombo` (`Combo_Producto_idProducto`, `Producto_idProducto`) VALUES (33, 46);
INSERT INTO `Toppick_Schema`.`ProductoXCombo` (`Combo_Producto_idProducto`, `Producto_idProducto`) VALUES (34, 24);
INSERT INTO `Toppick_Schema`.`ProductoXCombo` (`Combo_Producto_idProducto`, `Producto_idProducto`) VALUES (34, 26);
INSERT INTO `Toppick_Schema`.`ProductoXCombo` (`Combo_Producto_idProducto`, `Producto_idProducto`) VALUES (34, 46);
INSERT INTO `Toppick_Schema`.`ProductoXCombo` (`Combo_Producto_idProducto`, `Producto_idProducto`) VALUES (35, 25);
INSERT INTO `Toppick_Schema`.`ProductoXCombo` (`Combo_Producto_idProducto`, `Producto_idProducto`) VALUES (35, 26);
INSERT INTO `Toppick_Schema`.`ProductoXCombo` (`Combo_Producto_idProducto`, `Producto_idProducto`) VALUES (35, 46);

COMMIT;


-- -----------------------------------------------------
-- Data for table `Toppick_Schema`.`PuntoDeVenta`
-- -----------------------------------------------------
START TRANSACTION;
USE `Toppick_Schema`;
INSERT INTO `Toppick_Schema`.`PuntoDeVenta` (`idPuntodeVenta`, `nombrePuntoDeVenta`, `tipoPuntoVenta`, `descripcion`, `urlUbicacion`, `Estado`, `calificacion`, `urlImagen`) VALUES (DEFAULT, 'La Central', 'Cafeterías', 'Brindamos gran variedad de productos; desayunos, almuerzos, comidas rápidas, pizzas, opciones para llevar y un espacio cómodo, una experiencia única.', 'https://goo.gl/maps/9o3G8fSyrHgXDo3W6', 'Abierto', NULL, NULL);
INSERT INTO `Toppick_Schema`.`PuntoDeVenta` (`idPuntodeVenta`, `nombrePuntoDeVenta`, `tipoPuntoVenta`, `descripcion`, `urlUbicacion`, `Estado`, `calificacion`, `urlImagen`) VALUES (DEFAULT, 'HUSI', 'Cafeterías', 'Brindamos gran variedad de productos; almuerzos, comidas rápidas, pizzas, opciones para llevar y un espacio cómodo, abierto las 24 horas, una experiencia única.', 'https://goo.gl/maps/d9ovZmUfpzZ7MWaa8', 'Abierto', NULL, NULL);
INSERT INTO `Toppick_Schema`.`PuntoDeVenta` (`idPuntodeVenta`, `nombrePuntoDeVenta`, `tipoPuntoVenta`, `descripcion`, `urlUbicacion`, `Estado`, `calificacion`, `urlImagen`) VALUES (DEFAULT, 'Básicas', 'Cafeterías', 'Brindamos gran variedad de productos; desayunos, almuerzos, comidas rápidas, pizzas, opciones para llevar y un espacio cómodo, una experiencia única.', 'https://goo.gl/maps/HoGQWioWKf5ywMme8', 'Abierto', NULL, NULL);
INSERT INTO `Toppick_Schema`.`PuntoDeVenta` (`idPuntodeVenta`, `nombrePuntoDeVenta`, `tipoPuntoVenta`, `descripcion`, `urlUbicacion`, `Estado`, `calificacion`, `urlImagen`) VALUES (DEFAULT, 'Giraldo', 'Cafeterías', 'Brindamos gran variedad de productos; desayunos, almuerzos, comidas rápidas, pizzas, opciones para llevar y un espacio cómodo, una experiencia única.', 'https://goo.gl/maps/KyQXtSx5hLAZTPcB6', 'Abierto', NULL, NULL);
INSERT INTO `Toppick_Schema`.`PuntoDeVenta` (`idPuntodeVenta`, `nombrePuntoDeVenta`, `tipoPuntoVenta`, `descripcion`, `urlUbicacion`, `Estado`, `calificacion`, `urlImagen`) VALUES (DEFAULT, 'Bienestar', 'Cafeterías', 'Brindamos gran variedad de productos; desayunos, almuerzos, comidas rápidas, pizzas, opciones para llevar y un espacio cómodo, una experiencia única.', 'https://goo.gl/maps/KyQXtSx5hLAZTPcB6', 'Abierto', NULL, NULL);
INSERT INTO `Toppick_Schema`.`PuntoDeVenta` (`idPuntodeVenta`, `nombrePuntoDeVenta`, `tipoPuntoVenta`, `descripcion`, `urlUbicacion`, `Estado`, `calificacion`, `urlImagen`) VALUES (DEFAULT, 'Biblioteca', 'Cafés y Kioscos', 'Ofrecemos productos de panadería, pastelería, saludables y bebidas para que disfrutes en un espacio cómodo, o te lo puedas llevar.', 'https://goo.gl/maps/RmVKKMunAFRWS3s99', 'Abierto', NULL, NULL);
INSERT INTO `Toppick_Schema`.`PuntoDeVenta` (`idPuntodeVenta`, `nombrePuntoDeVenta`, `tipoPuntoVenta`, `descripcion`, `urlUbicacion`, `Estado`, `calificacion`, `urlImagen`) VALUES (DEFAULT, 'Sauce', 'Cafés y Kioscos', 'Ofrecemos productos de panadería, pastelería, saludables y bebidas para que disfrutes en un espacio cómodo, o te lo puedas llevar.', 'https://goo.gl/maps/VuQ5kzasv8YC2KDx5', 'Abierto', NULL, NULL);
INSERT INTO `Toppick_Schema`.`PuntoDeVenta` (`idPuntodeVenta`, `nombrePuntoDeVenta`, `tipoPuntoVenta`, `descripcion`, `urlUbicacion`, `Estado`, `calificacion`, `urlImagen`) VALUES (DEFAULT, 'Urgencias', 'Cafés y Kioscos', 'Ofrecemos productos de panadería, pastelería, saludables y bebidas para que disfrutes en un espacio cómodo, o te lo puedas llevar.', 'https://goo.gl/maps/FMCqBGgeDhfqA5CeA', 'Abierto', NULL, NULL);
INSERT INTO `Toppick_Schema`.`PuntoDeVenta` (`idPuntodeVenta`, `nombrePuntoDeVenta`, `tipoPuntoVenta`, `descripcion`, `urlUbicacion`, `Estado`, `calificacion`, `urlImagen`) VALUES (DEFAULT, 'La Arboleda', 'Cafés y Kioscos', 'Ofrecemos productos de panadería, pastelería, saludables y bebidas para que disfrutes en un espacio cómodo, o te lo puedas llevar.', 'https://goo.gl/maps/cdNZi9snM2tgQCEMA', 'Abierto', NULL, NULL);
INSERT INTO `Toppick_Schema`.`PuntoDeVenta` (`idPuntodeVenta`, `nombrePuntoDeVenta`, `tipoPuntoVenta`, `descripcion`, `urlUbicacion`, `Estado`, `calificacion`, `urlImagen`) VALUES (DEFAULT, 'La Estación', 'Cafés y Kioscos', 'Ofrecemos productos de panadería, pastelería, saludables y bebidas para que disfrutes en un espacio cómodo, o te lo puedas llevar.', 'https://goo.gl/maps/oRBKZRuGCHmMEN4M8', 'Abierto', NULL, NULL);
INSERT INTO `Toppick_Schema`.`PuntoDeVenta` (`idPuntodeVenta`, `nombrePuntoDeVenta`, `tipoPuntoVenta`, `descripcion`, `urlUbicacion`, `Estado`, `calificacion`, `urlImagen`) VALUES (DEFAULT, 'Barón', 'Cafés y Kioscos', 'Ofrecemos productos de panadería, pastelería, saludables y bebidas para que disfrutes en un espacio cómodo, o te lo puedas llevar.', 'https://goo.gl/maps/cg9WrXoxnRBJVfEH6', 'Abierto', NULL, NULL);
INSERT INTO `Toppick_Schema`.`PuntoDeVenta` (`idPuntodeVenta`, `nombrePuntoDeVenta`, `tipoPuntoVenta`, `descripcion`, `urlUbicacion`, `Estado`, `calificacion`, `urlImagen`) VALUES (DEFAULT, 'Kiosco Urapanes', 'Cafés y Kioscos', 'Ofrecemos productos de panadería, pastelería, saludables y bebidas para que disfrutes en un espacio cómodo, o te lo puedas llevar.', 'https://goo.gl/maps/n7scATK93bVwa9t29', 'Abierto', NULL, NULL);
INSERT INTO `Toppick_Schema`.`PuntoDeVenta` (`idPuntodeVenta`, `nombrePuntoDeVenta`, `tipoPuntoVenta`, `descripcion`, `urlUbicacion`, `Estado`, `calificacion`, `urlImagen`) VALUES (DEFAULT, 'La Pecera', 'Cafés y Kioscos', 'Ofrecemos productos de panadería, pastelería, saludables y bebidas para que disfrutes en un espacio cómodo, o te lo puedas llevar.', 'https://goo.gl/maps/eJknMANFcBzuo6gi9', 'Abierto', NULL, NULL);
INSERT INTO `Toppick_Schema`.`PuntoDeVenta` (`idPuntodeVenta`, `nombrePuntoDeVenta`, `tipoPuntoVenta`, `descripcion`, `urlUbicacion`, `Estado`, `calificacion`, `urlImagen`) VALUES (DEFAULT, 'Ático', 'Cafés y Kioscos', 'Ofrecemos productos de panadería, pastelería, saludables y bebidas para que disfrutes en un espacio cómodo, o te lo puedas llevar.', 'https://goo.gl/maps/C3pAJGPrT6zP3VX9A', 'Abierto', NULL, NULL);
INSERT INTO `Toppick_Schema`.`PuntoDeVenta` (`idPuntodeVenta`, `nombrePuntoDeVenta`, `tipoPuntoVenta`, `descripcion`, `urlUbicacion`, `Estado`, `calificacion`, `urlImagen`) VALUES (DEFAULT, 'Cataluña', 'Cafés y Kioscos', 'Ofrecemos productos de panadería, pastelería, saludables y bebidas para que disfrutes en un espacio cómodo, o te lo puedas llevar.', 'https://goo.gl/maps/yeacZTe6ZV29fSpQA', 'Abierto', NULL, NULL);
INSERT INTO `Toppick_Schema`.`PuntoDeVenta` (`idPuntodeVenta`, `nombrePuntoDeVenta`, `tipoPuntoVenta`, `descripcion`, `urlUbicacion`, `Estado`, `calificacion`, `urlImagen`) VALUES (DEFAULT, 'Ingeniería', 'Cafés y Kioscos', 'Ofrecemos productos de panadería, pastelería, saludables y bebidas para que disfrutes en un espacio cómodo, o te lo puedas llevar.', 'https://goo.gl/maps/jbjgSfuyNUnh87UPA', 'Abierto', NULL, NULL);
INSERT INTO `Toppick_Schema`.`PuntoDeVenta` (`idPuntodeVenta`, `nombrePuntoDeVenta`, `tipoPuntoVenta`, `descripcion`, `urlUbicacion`, `Estado`, `calificacion`, `urlImagen`) VALUES (DEFAULT, 'La Frutera', 'Saludable', 'En este punto, podrás disfrutar de las frutas en todas sus presentaciones, desde opciones ligeras como jugos, fruta entera y porcionada, postres a base de fruta, deliciosas malteadas y smothies, hasta opciones de almuerzo ligero como nuestra completa ensalada de frutas.', 'https://goo.gl/maps/qfnhFoRT49DNRHsm8', 'Abierto', NULL, NULL);
INSERT INTO `Toppick_Schema`.`PuntoDeVenta` (`idPuntodeVenta`, `nombrePuntoDeVenta`, `tipoPuntoVenta`, `descripcion`, `urlUbicacion`, `Estado`, `calificacion`, `urlImagen`) VALUES (DEFAULT, 'Saludable Básicas', 'Saludable', 'En este punto, podrás disfrutas de opciones balanceadas, comida sana, alimentación saludable, diferentes recetas deliciosas y ligeras.', 'https://goo.gl/maps/HoGQWioWKf5ywMme8', 'Abierto', NULL, NULL);
INSERT INTO `Toppick_Schema`.`PuntoDeVenta` (`idPuntodeVenta`, `nombrePuntoDeVenta`, `tipoPuntoVenta`, `descripcion`, `urlUbicacion`, `Estado`, `calificacion`, `urlImagen`) VALUES (DEFAULT, 'Saludable Giraldo', 'Saludable', 'En este punto, podrás disfrutas de opciones balanceadas, comida sana, alimentación saludable, diferentes recetas deliciosas y ligeras.', 'https://goo.gl/maps/KyQXtSx5hLAZTPcB6', 'Abierto', NULL, NULL);
INSERT INTO `Toppick_Schema`.`PuntoDeVenta` (`idPuntodeVenta`, `nombrePuntoDeVenta`, `tipoPuntoVenta`, `descripcion`, `urlUbicacion`, `Estado`, `calificacion`, `urlImagen`) VALUES (DEFAULT, 'Saludable Central', 'Saludable', 'En este punto, podrás disfrutas de opciones balanceadas, comida sana, alimentación saludable, diferentes recetas deliciosas y ligeras.', 'https://goo.gl/maps/9o3G8fSyrHgXDo3W6', 'Abierto', NULL, NULL);
INSERT INTO `Toppick_Schema`.`PuntoDeVenta` (`idPuntodeVenta`, `nombrePuntoDeVenta`, `tipoPuntoVenta`, `descripcion`, `urlUbicacion`, `Estado`, `calificacion`, `urlImagen`) VALUES (DEFAULT, 'El Italiano', 'Restaurantes', 'Ofrecemos una amplia carta, de deliciosos platos Italianos que van de la mano de un excelente servicio y un espacio confortable para disfrutar de una tarde en compañía de amigos.', 'https://goo.gl/maps/HoGQWioWKf5ywMme8', 'Abierto', NULL, NULL);
INSERT INTO `Toppick_Schema`.`PuntoDeVenta` (`idPuntodeVenta`, `nombrePuntoDeVenta`, `tipoPuntoVenta`, `descripcion`, `urlUbicacion`, `Estado`, `calificacion`, `urlImagen`) VALUES (DEFAULT, 'La Creperia', 'Restaurantes', 'Brindamos un menú balanceado, natural y rico en variedad de sabores, inspirado en los conceptos de armonía, salud y equilibrio.', 'https://goo.gl/maps/ZHQW7QnDrSVhXvN57', 'Abierto', NULL, NULL);
INSERT INTO `Toppick_Schema`.`PuntoDeVenta` (`idPuntodeVenta`, `nombrePuntoDeVenta`, `tipoPuntoVenta`, `descripcion`, `urlUbicacion`, `Estado`, `calificacion`, `urlImagen`) VALUES (DEFAULT, 'Mirador', 'Restaurantes', 'Encuentra una variedad de comida internacional, con la mejor selección de platos. Garantizando una excelente experiencia gastronómica.', 'https://goo.gl/maps/SYRgcDJBkARa6Jqy6', 'Abierto', NULL, NULL);
INSERT INTO `Toppick_Schema`.`PuntoDeVenta` (`idPuntodeVenta`, `nombrePuntoDeVenta`, `tipoPuntoVenta`, `descripcion`, `urlUbicacion`, `Estado`, `calificacion`, `urlImagen`) VALUES (DEFAULT, 'Il Posto', 'Restaurantes', 'Disfruta de exquisitas recetas artesanales italianas, que incluyen una rica variedad de sándwiches, pastas, pizzas, sopas, pastelería y postres. Productos frescos, saludables y recién horneados.', 'https://goo.gl/maps/XWxPh58DwAePPhhH9', 'Abierto', NULL, NULL);

COMMIT;


-- -----------------------------------------------------
-- Data for table `Toppick_Schema`.`Catalogo`
-- -----------------------------------------------------
START TRANSACTION;
USE `Toppick_Schema`;
INSERT INTO `Toppick_Schema`.`Catalogo` (`PuntoDeVenta_idPuntodeVenta`, `Producto_idProducto`, `inventario`) VALUES (1, 7, 10);
INSERT INTO `Toppick_Schema`.`Catalogo` (`PuntoDeVenta_idPuntodeVenta`, `Producto_idProducto`, `inventario`) VALUES (1, 8, 10);
INSERT INTO `Toppick_Schema`.`Catalogo` (`PuntoDeVenta_idPuntodeVenta`, `Producto_idProducto`, `inventario`) VALUES (1, 9, 10);
INSERT INTO `Toppick_Schema`.`Catalogo` (`PuntoDeVenta_idPuntodeVenta`, `Producto_idProducto`, `inventario`) VALUES (1, 10, 10);
INSERT INTO `Toppick_Schema`.`Catalogo` (`PuntoDeVenta_idPuntodeVenta`, `Producto_idProducto`, `inventario`) VALUES (1, 11, 10);
INSERT INTO `Toppick_Schema`.`Catalogo` (`PuntoDeVenta_idPuntodeVenta`, `Producto_idProducto`, `inventario`) VALUES (1, 12, 10);
INSERT INTO `Toppick_Schema`.`Catalogo` (`PuntoDeVenta_idPuntodeVenta`, `Producto_idProducto`, `inventario`) VALUES (1, 13, 10);
INSERT INTO `Toppick_Schema`.`Catalogo` (`PuntoDeVenta_idPuntodeVenta`, `Producto_idProducto`, `inventario`) VALUES (1, 14, 10);
INSERT INTO `Toppick_Schema`.`Catalogo` (`PuntoDeVenta_idPuntodeVenta`, `Producto_idProducto`, `inventario`) VALUES (1, 15, 10);
INSERT INTO `Toppick_Schema`.`Catalogo` (`PuntoDeVenta_idPuntodeVenta`, `Producto_idProducto`, `inventario`) VALUES (1, 16, 10);
INSERT INTO `Toppick_Schema`.`Catalogo` (`PuntoDeVenta_idPuntodeVenta`, `Producto_idProducto`, `inventario`) VALUES (1, 17, 10);
INSERT INTO `Toppick_Schema`.`Catalogo` (`PuntoDeVenta_idPuntodeVenta`, `Producto_idProducto`, `inventario`) VALUES (1, 18, 10);
INSERT INTO `Toppick_Schema`.`Catalogo` (`PuntoDeVenta_idPuntodeVenta`, `Producto_idProducto`, `inventario`) VALUES (1, 19, 10);
INSERT INTO `Toppick_Schema`.`Catalogo` (`PuntoDeVenta_idPuntodeVenta`, `Producto_idProducto`, `inventario`) VALUES (1, 20, 10);
INSERT INTO `Toppick_Schema`.`Catalogo` (`PuntoDeVenta_idPuntodeVenta`, `Producto_idProducto`, `inventario`) VALUES (1, 21, 10);
INSERT INTO `Toppick_Schema`.`Catalogo` (`PuntoDeVenta_idPuntodeVenta`, `Producto_idProducto`, `inventario`) VALUES (1, 22, 10);
INSERT INTO `Toppick_Schema`.`Catalogo` (`PuntoDeVenta_idPuntodeVenta`, `Producto_idProducto`, `inventario`) VALUES (1, 23, 10);
INSERT INTO `Toppick_Schema`.`Catalogo` (`PuntoDeVenta_idPuntodeVenta`, `Producto_idProducto`, `inventario`) VALUES (1, 24, 10);
INSERT INTO `Toppick_Schema`.`Catalogo` (`PuntoDeVenta_idPuntodeVenta`, `Producto_idProducto`, `inventario`) VALUES (1, 25, 10);
INSERT INTO `Toppick_Schema`.`Catalogo` (`PuntoDeVenta_idPuntodeVenta`, `Producto_idProducto`, `inventario`) VALUES (1, 26, 10);
INSERT INTO `Toppick_Schema`.`Catalogo` (`PuntoDeVenta_idPuntodeVenta`, `Producto_idProducto`, `inventario`) VALUES (1, 27, 10);
INSERT INTO `Toppick_Schema`.`Catalogo` (`PuntoDeVenta_idPuntodeVenta`, `Producto_idProducto`, `inventario`) VALUES (1, 28, 10);
INSERT INTO `Toppick_Schema`.`Catalogo` (`PuntoDeVenta_idPuntodeVenta`, `Producto_idProducto`, `inventario`) VALUES (1, 29, 10);
INSERT INTO `Toppick_Schema`.`Catalogo` (`PuntoDeVenta_idPuntodeVenta`, `Producto_idProducto`, `inventario`) VALUES (1, 30, 10);
INSERT INTO `Toppick_Schema`.`Catalogo` (`PuntoDeVenta_idPuntodeVenta`, `Producto_idProducto`, `inventario`) VALUES (1, 31, 10);
INSERT INTO `Toppick_Schema`.`Catalogo` (`PuntoDeVenta_idPuntodeVenta`, `Producto_idProducto`, `inventario`) VALUES (1, 32, 10);
INSERT INTO `Toppick_Schema`.`Catalogo` (`PuntoDeVenta_idPuntodeVenta`, `Producto_idProducto`, `inventario`) VALUES (1, 33, 10);
INSERT INTO `Toppick_Schema`.`Catalogo` (`PuntoDeVenta_idPuntodeVenta`, `Producto_idProducto`, `inventario`) VALUES (1, 34, 10);
INSERT INTO `Toppick_Schema`.`Catalogo` (`PuntoDeVenta_idPuntodeVenta`, `Producto_idProducto`, `inventario`) VALUES (1, 35, 10);
INSERT INTO `Toppick_Schema`.`Catalogo` (`PuntoDeVenta_idPuntodeVenta`, `Producto_idProducto`, `inventario`) VALUES (1, 36, 10);
INSERT INTO `Toppick_Schema`.`Catalogo` (`PuntoDeVenta_idPuntodeVenta`, `Producto_idProducto`, `inventario`) VALUES (1, 37, 10);
INSERT INTO `Toppick_Schema`.`Catalogo` (`PuntoDeVenta_idPuntodeVenta`, `Producto_idProducto`, `inventario`) VALUES (1, 38, 10);
INSERT INTO `Toppick_Schema`.`Catalogo` (`PuntoDeVenta_idPuntodeVenta`, `Producto_idProducto`, `inventario`) VALUES (1, 39, 10);
INSERT INTO `Toppick_Schema`.`Catalogo` (`PuntoDeVenta_idPuntodeVenta`, `Producto_idProducto`, `inventario`) VALUES (1, 40, 10);
INSERT INTO `Toppick_Schema`.`Catalogo` (`PuntoDeVenta_idPuntodeVenta`, `Producto_idProducto`, `inventario`) VALUES (1, 41, 10);
INSERT INTO `Toppick_Schema`.`Catalogo` (`PuntoDeVenta_idPuntodeVenta`, `Producto_idProducto`, `inventario`) VALUES (1, 42, 10);
INSERT INTO `Toppick_Schema`.`Catalogo` (`PuntoDeVenta_idPuntodeVenta`, `Producto_idProducto`, `inventario`) VALUES (1, 43, 10);
INSERT INTO `Toppick_Schema`.`Catalogo` (`PuntoDeVenta_idPuntodeVenta`, `Producto_idProducto`, `inventario`) VALUES (1, 44, 10);
INSERT INTO `Toppick_Schema`.`Catalogo` (`PuntoDeVenta_idPuntodeVenta`, `Producto_idProducto`, `inventario`) VALUES (1, 45, 10);
INSERT INTO `Toppick_Schema`.`Catalogo` (`PuntoDeVenta_idPuntodeVenta`, `Producto_idProducto`, `inventario`) VALUES (1, 46, 10);
INSERT INTO `Toppick_Schema`.`Catalogo` (`PuntoDeVenta_idPuntodeVenta`, `Producto_idProducto`, `inventario`) VALUES (1, 47, 10);
INSERT INTO `Toppick_Schema`.`Catalogo` (`PuntoDeVenta_idPuntodeVenta`, `Producto_idProducto`, `inventario`) VALUES (1, 48, 10);
INSERT INTO `Toppick_Schema`.`Catalogo` (`PuntoDeVenta_idPuntodeVenta`, `Producto_idProducto`, `inventario`) VALUES (2, 17, 10);
INSERT INTO `Toppick_Schema`.`Catalogo` (`PuntoDeVenta_idPuntodeVenta`, `Producto_idProducto`, `inventario`) VALUES (2, 18, 10);
INSERT INTO `Toppick_Schema`.`Catalogo` (`PuntoDeVenta_idPuntodeVenta`, `Producto_idProducto`, `inventario`) VALUES (2, 19, 10);
INSERT INTO `Toppick_Schema`.`Catalogo` (`PuntoDeVenta_idPuntodeVenta`, `Producto_idProducto`, `inventario`) VALUES (2, 20, 10);
INSERT INTO `Toppick_Schema`.`Catalogo` (`PuntoDeVenta_idPuntodeVenta`, `Producto_idProducto`, `inventario`) VALUES (2, 21, 10);
INSERT INTO `Toppick_Schema`.`Catalogo` (`PuntoDeVenta_idPuntodeVenta`, `Producto_idProducto`, `inventario`) VALUES (2, 22, 10);
INSERT INTO `Toppick_Schema`.`Catalogo` (`PuntoDeVenta_idPuntodeVenta`, `Producto_idProducto`, `inventario`) VALUES (2, 23, 10);
INSERT INTO `Toppick_Schema`.`Catalogo` (`PuntoDeVenta_idPuntodeVenta`, `Producto_idProducto`, `inventario`) VALUES (2, 24, 10);
INSERT INTO `Toppick_Schema`.`Catalogo` (`PuntoDeVenta_idPuntodeVenta`, `Producto_idProducto`, `inventario`) VALUES (2, 25, 10);
INSERT INTO `Toppick_Schema`.`Catalogo` (`PuntoDeVenta_idPuntodeVenta`, `Producto_idProducto`, `inventario`) VALUES (2, 26, 10);
INSERT INTO `Toppick_Schema`.`Catalogo` (`PuntoDeVenta_idPuntodeVenta`, `Producto_idProducto`, `inventario`) VALUES (2, 27, 10);
INSERT INTO `Toppick_Schema`.`Catalogo` (`PuntoDeVenta_idPuntodeVenta`, `Producto_idProducto`, `inventario`) VALUES (2, 28, 10);
INSERT INTO `Toppick_Schema`.`Catalogo` (`PuntoDeVenta_idPuntodeVenta`, `Producto_idProducto`, `inventario`) VALUES (2, 29, 10);
INSERT INTO `Toppick_Schema`.`Catalogo` (`PuntoDeVenta_idPuntodeVenta`, `Producto_idProducto`, `inventario`) VALUES (2, 30, 10);
INSERT INTO `Toppick_Schema`.`Catalogo` (`PuntoDeVenta_idPuntodeVenta`, `Producto_idProducto`, `inventario`) VALUES (2, 31, 10);
INSERT INTO `Toppick_Schema`.`Catalogo` (`PuntoDeVenta_idPuntodeVenta`, `Producto_idProducto`, `inventario`) VALUES (2, 32, 10);
INSERT INTO `Toppick_Schema`.`Catalogo` (`PuntoDeVenta_idPuntodeVenta`, `Producto_idProducto`, `inventario`) VALUES (2, 33, 10);
INSERT INTO `Toppick_Schema`.`Catalogo` (`PuntoDeVenta_idPuntodeVenta`, `Producto_idProducto`, `inventario`) VALUES (2, 34, 10);
INSERT INTO `Toppick_Schema`.`Catalogo` (`PuntoDeVenta_idPuntodeVenta`, `Producto_idProducto`, `inventario`) VALUES (2, 35, 10);
INSERT INTO `Toppick_Schema`.`Catalogo` (`PuntoDeVenta_idPuntodeVenta`, `Producto_idProducto`, `inventario`) VALUES (2, 36, 10);
INSERT INTO `Toppick_Schema`.`Catalogo` (`PuntoDeVenta_idPuntodeVenta`, `Producto_idProducto`, `inventario`) VALUES (2, 37, 10);
INSERT INTO `Toppick_Schema`.`Catalogo` (`PuntoDeVenta_idPuntodeVenta`, `Producto_idProducto`, `inventario`) VALUES (2, 38, 10);
INSERT INTO `Toppick_Schema`.`Catalogo` (`PuntoDeVenta_idPuntodeVenta`, `Producto_idProducto`, `inventario`) VALUES (2, 39, 10);
INSERT INTO `Toppick_Schema`.`Catalogo` (`PuntoDeVenta_idPuntodeVenta`, `Producto_idProducto`, `inventario`) VALUES (2, 40, 10);
INSERT INTO `Toppick_Schema`.`Catalogo` (`PuntoDeVenta_idPuntodeVenta`, `Producto_idProducto`, `inventario`) VALUES (2, 41, 10);
INSERT INTO `Toppick_Schema`.`Catalogo` (`PuntoDeVenta_idPuntodeVenta`, `Producto_idProducto`, `inventario`) VALUES (2, 42, 10);
INSERT INTO `Toppick_Schema`.`Catalogo` (`PuntoDeVenta_idPuntodeVenta`, `Producto_idProducto`, `inventario`) VALUES (2, 43, 10);
INSERT INTO `Toppick_Schema`.`Catalogo` (`PuntoDeVenta_idPuntodeVenta`, `Producto_idProducto`, `inventario`) VALUES (2, 44, 10);
INSERT INTO `Toppick_Schema`.`Catalogo` (`PuntoDeVenta_idPuntodeVenta`, `Producto_idProducto`, `inventario`) VALUES (2, 45, 10);
INSERT INTO `Toppick_Schema`.`Catalogo` (`PuntoDeVenta_idPuntodeVenta`, `Producto_idProducto`, `inventario`) VALUES (2, 46, 10);
INSERT INTO `Toppick_Schema`.`Catalogo` (`PuntoDeVenta_idPuntodeVenta`, `Producto_idProducto`, `inventario`) VALUES (2, 47, 10);
INSERT INTO `Toppick_Schema`.`Catalogo` (`PuntoDeVenta_idPuntodeVenta`, `Producto_idProducto`, `inventario`) VALUES (2, 48, 10);
INSERT INTO `Toppick_Schema`.`Catalogo` (`PuntoDeVenta_idPuntodeVenta`, `Producto_idProducto`, `inventario`) VALUES (3, 17, 10);
INSERT INTO `Toppick_Schema`.`Catalogo` (`PuntoDeVenta_idPuntodeVenta`, `Producto_idProducto`, `inventario`) VALUES (3, 18, 10);
INSERT INTO `Toppick_Schema`.`Catalogo` (`PuntoDeVenta_idPuntodeVenta`, `Producto_idProducto`, `inventario`) VALUES (3, 19, 10);
INSERT INTO `Toppick_Schema`.`Catalogo` (`PuntoDeVenta_idPuntodeVenta`, `Producto_idProducto`, `inventario`) VALUES (3, 20, 10);
INSERT INTO `Toppick_Schema`.`Catalogo` (`PuntoDeVenta_idPuntodeVenta`, `Producto_idProducto`, `inventario`) VALUES (3, 21, 10);
INSERT INTO `Toppick_Schema`.`Catalogo` (`PuntoDeVenta_idPuntodeVenta`, `Producto_idProducto`, `inventario`) VALUES (3, 22, 10);
INSERT INTO `Toppick_Schema`.`Catalogo` (`PuntoDeVenta_idPuntodeVenta`, `Producto_idProducto`, `inventario`) VALUES (3, 23, 10);
INSERT INTO `Toppick_Schema`.`Catalogo` (`PuntoDeVenta_idPuntodeVenta`, `Producto_idProducto`, `inventario`) VALUES (3, 24, 10);
INSERT INTO `Toppick_Schema`.`Catalogo` (`PuntoDeVenta_idPuntodeVenta`, `Producto_idProducto`, `inventario`) VALUES (3, 25, 10);
INSERT INTO `Toppick_Schema`.`Catalogo` (`PuntoDeVenta_idPuntodeVenta`, `Producto_idProducto`, `inventario`) VALUES (3, 26, 10);
INSERT INTO `Toppick_Schema`.`Catalogo` (`PuntoDeVenta_idPuntodeVenta`, `Producto_idProducto`, `inventario`) VALUES (3, 27, 10);
INSERT INTO `Toppick_Schema`.`Catalogo` (`PuntoDeVenta_idPuntodeVenta`, `Producto_idProducto`, `inventario`) VALUES (3, 28, 10);
INSERT INTO `Toppick_Schema`.`Catalogo` (`PuntoDeVenta_idPuntodeVenta`, `Producto_idProducto`, `inventario`) VALUES (3, 29, 10);
INSERT INTO `Toppick_Schema`.`Catalogo` (`PuntoDeVenta_idPuntodeVenta`, `Producto_idProducto`, `inventario`) VALUES (3, 30, 10);
INSERT INTO `Toppick_Schema`.`Catalogo` (`PuntoDeVenta_idPuntodeVenta`, `Producto_idProducto`, `inventario`) VALUES (3, 31, 10);
INSERT INTO `Toppick_Schema`.`Catalogo` (`PuntoDeVenta_idPuntodeVenta`, `Producto_idProducto`, `inventario`) VALUES (3, 32, 10);
INSERT INTO `Toppick_Schema`.`Catalogo` (`PuntoDeVenta_idPuntodeVenta`, `Producto_idProducto`, `inventario`) VALUES (3, 33, 10);
INSERT INTO `Toppick_Schema`.`Catalogo` (`PuntoDeVenta_idPuntodeVenta`, `Producto_idProducto`, `inventario`) VALUES (3, 34, 10);
INSERT INTO `Toppick_Schema`.`Catalogo` (`PuntoDeVenta_idPuntodeVenta`, `Producto_idProducto`, `inventario`) VALUES (3, 35, 10);
INSERT INTO `Toppick_Schema`.`Catalogo` (`PuntoDeVenta_idPuntodeVenta`, `Producto_idProducto`, `inventario`) VALUES (3, 36, 10);
INSERT INTO `Toppick_Schema`.`Catalogo` (`PuntoDeVenta_idPuntodeVenta`, `Producto_idProducto`, `inventario`) VALUES (3, 37, 10);
INSERT INTO `Toppick_Schema`.`Catalogo` (`PuntoDeVenta_idPuntodeVenta`, `Producto_idProducto`, `inventario`) VALUES (3, 38, 10);
INSERT INTO `Toppick_Schema`.`Catalogo` (`PuntoDeVenta_idPuntodeVenta`, `Producto_idProducto`, `inventario`) VALUES (3, 39, 10);
INSERT INTO `Toppick_Schema`.`Catalogo` (`PuntoDeVenta_idPuntodeVenta`, `Producto_idProducto`, `inventario`) VALUES (3, 40, 10);
INSERT INTO `Toppick_Schema`.`Catalogo` (`PuntoDeVenta_idPuntodeVenta`, `Producto_idProducto`, `inventario`) VALUES (3, 41, 10);
INSERT INTO `Toppick_Schema`.`Catalogo` (`PuntoDeVenta_idPuntodeVenta`, `Producto_idProducto`, `inventario`) VALUES (3, 42, 10);
INSERT INTO `Toppick_Schema`.`Catalogo` (`PuntoDeVenta_idPuntodeVenta`, `Producto_idProducto`, `inventario`) VALUES (3, 43, 10);
INSERT INTO `Toppick_Schema`.`Catalogo` (`PuntoDeVenta_idPuntodeVenta`, `Producto_idProducto`, `inventario`) VALUES (3, 44, 10);
INSERT INTO `Toppick_Schema`.`Catalogo` (`PuntoDeVenta_idPuntodeVenta`, `Producto_idProducto`, `inventario`) VALUES (3, 45, 10);
INSERT INTO `Toppick_Schema`.`Catalogo` (`PuntoDeVenta_idPuntodeVenta`, `Producto_idProducto`, `inventario`) VALUES (3, 46, 10);
INSERT INTO `Toppick_Schema`.`Catalogo` (`PuntoDeVenta_idPuntodeVenta`, `Producto_idProducto`, `inventario`) VALUES (3, 47, 10);
INSERT INTO `Toppick_Schema`.`Catalogo` (`PuntoDeVenta_idPuntodeVenta`, `Producto_idProducto`, `inventario`) VALUES (3, 48, 10);
INSERT INTO `Toppick_Schema`.`Catalogo` (`PuntoDeVenta_idPuntodeVenta`, `Producto_idProducto`, `inventario`) VALUES (4, 17, 10);
INSERT INTO `Toppick_Schema`.`Catalogo` (`PuntoDeVenta_idPuntodeVenta`, `Producto_idProducto`, `inventario`) VALUES (4, 18, 10);
INSERT INTO `Toppick_Schema`.`Catalogo` (`PuntoDeVenta_idPuntodeVenta`, `Producto_idProducto`, `inventario`) VALUES (4, 19, 10);
INSERT INTO `Toppick_Schema`.`Catalogo` (`PuntoDeVenta_idPuntodeVenta`, `Producto_idProducto`, `inventario`) VALUES (4, 20, 10);
INSERT INTO `Toppick_Schema`.`Catalogo` (`PuntoDeVenta_idPuntodeVenta`, `Producto_idProducto`, `inventario`) VALUES (4, 21, 10);
INSERT INTO `Toppick_Schema`.`Catalogo` (`PuntoDeVenta_idPuntodeVenta`, `Producto_idProducto`, `inventario`) VALUES (4, 22, 10);
INSERT INTO `Toppick_Schema`.`Catalogo` (`PuntoDeVenta_idPuntodeVenta`, `Producto_idProducto`, `inventario`) VALUES (4, 23, 10);
INSERT INTO `Toppick_Schema`.`Catalogo` (`PuntoDeVenta_idPuntodeVenta`, `Producto_idProducto`, `inventario`) VALUES (4, 24, 10);
INSERT INTO `Toppick_Schema`.`Catalogo` (`PuntoDeVenta_idPuntodeVenta`, `Producto_idProducto`, `inventario`) VALUES (4, 25, 10);
INSERT INTO `Toppick_Schema`.`Catalogo` (`PuntoDeVenta_idPuntodeVenta`, `Producto_idProducto`, `inventario`) VALUES (4, 26, 10);
INSERT INTO `Toppick_Schema`.`Catalogo` (`PuntoDeVenta_idPuntodeVenta`, `Producto_idProducto`, `inventario`) VALUES (4, 27, 10);
INSERT INTO `Toppick_Schema`.`Catalogo` (`PuntoDeVenta_idPuntodeVenta`, `Producto_idProducto`, `inventario`) VALUES (4, 28, 10);
INSERT INTO `Toppick_Schema`.`Catalogo` (`PuntoDeVenta_idPuntodeVenta`, `Producto_idProducto`, `inventario`) VALUES (4, 29, 10);
INSERT INTO `Toppick_Schema`.`Catalogo` (`PuntoDeVenta_idPuntodeVenta`, `Producto_idProducto`, `inventario`) VALUES (4, 30, 10);
INSERT INTO `Toppick_Schema`.`Catalogo` (`PuntoDeVenta_idPuntodeVenta`, `Producto_idProducto`, `inventario`) VALUES (4, 31, 10);
INSERT INTO `Toppick_Schema`.`Catalogo` (`PuntoDeVenta_idPuntodeVenta`, `Producto_idProducto`, `inventario`) VALUES (4, 32, 10);
INSERT INTO `Toppick_Schema`.`Catalogo` (`PuntoDeVenta_idPuntodeVenta`, `Producto_idProducto`, `inventario`) VALUES (4, 33, 10);
INSERT INTO `Toppick_Schema`.`Catalogo` (`PuntoDeVenta_idPuntodeVenta`, `Producto_idProducto`, `inventario`) VALUES (4, 34, 10);
INSERT INTO `Toppick_Schema`.`Catalogo` (`PuntoDeVenta_idPuntodeVenta`, `Producto_idProducto`, `inventario`) VALUES (4, 35, 10);
INSERT INTO `Toppick_Schema`.`Catalogo` (`PuntoDeVenta_idPuntodeVenta`, `Producto_idProducto`, `inventario`) VALUES (4, 36, 10);
INSERT INTO `Toppick_Schema`.`Catalogo` (`PuntoDeVenta_idPuntodeVenta`, `Producto_idProducto`, `inventario`) VALUES (4, 37, 10);
INSERT INTO `Toppick_Schema`.`Catalogo` (`PuntoDeVenta_idPuntodeVenta`, `Producto_idProducto`, `inventario`) VALUES (4, 38, 10);
INSERT INTO `Toppick_Schema`.`Catalogo` (`PuntoDeVenta_idPuntodeVenta`, `Producto_idProducto`, `inventario`) VALUES (4, 39, 10);
INSERT INTO `Toppick_Schema`.`Catalogo` (`PuntoDeVenta_idPuntodeVenta`, `Producto_idProducto`, `inventario`) VALUES (4, 40, 10);
INSERT INTO `Toppick_Schema`.`Catalogo` (`PuntoDeVenta_idPuntodeVenta`, `Producto_idProducto`, `inventario`) VALUES (4, 41, 10);
INSERT INTO `Toppick_Schema`.`Catalogo` (`PuntoDeVenta_idPuntodeVenta`, `Producto_idProducto`, `inventario`) VALUES (4, 42, 10);
INSERT INTO `Toppick_Schema`.`Catalogo` (`PuntoDeVenta_idPuntodeVenta`, `Producto_idProducto`, `inventario`) VALUES (4, 43, 10);
INSERT INTO `Toppick_Schema`.`Catalogo` (`PuntoDeVenta_idPuntodeVenta`, `Producto_idProducto`, `inventario`) VALUES (4, 44, 10);
INSERT INTO `Toppick_Schema`.`Catalogo` (`PuntoDeVenta_idPuntodeVenta`, `Producto_idProducto`, `inventario`) VALUES (4, 45, 10);
INSERT INTO `Toppick_Schema`.`Catalogo` (`PuntoDeVenta_idPuntodeVenta`, `Producto_idProducto`, `inventario`) VALUES (4, 46, 10);
INSERT INTO `Toppick_Schema`.`Catalogo` (`PuntoDeVenta_idPuntodeVenta`, `Producto_idProducto`, `inventario`) VALUES (4, 47, 10);
INSERT INTO `Toppick_Schema`.`Catalogo` (`PuntoDeVenta_idPuntodeVenta`, `Producto_idProducto`, `inventario`) VALUES (4, 48, 10);
INSERT INTO `Toppick_Schema`.`Catalogo` (`PuntoDeVenta_idPuntodeVenta`, `Producto_idProducto`, `inventario`) VALUES (5, 17, 10);
INSERT INTO `Toppick_Schema`.`Catalogo` (`PuntoDeVenta_idPuntodeVenta`, `Producto_idProducto`, `inventario`) VALUES (5, 18, 10);
INSERT INTO `Toppick_Schema`.`Catalogo` (`PuntoDeVenta_idPuntodeVenta`, `Producto_idProducto`, `inventario`) VALUES (5, 19, 10);
INSERT INTO `Toppick_Schema`.`Catalogo` (`PuntoDeVenta_idPuntodeVenta`, `Producto_idProducto`, `inventario`) VALUES (5, 20, 10);
INSERT INTO `Toppick_Schema`.`Catalogo` (`PuntoDeVenta_idPuntodeVenta`, `Producto_idProducto`, `inventario`) VALUES (5, 21, 10);
INSERT INTO `Toppick_Schema`.`Catalogo` (`PuntoDeVenta_idPuntodeVenta`, `Producto_idProducto`, `inventario`) VALUES (5, 22, 10);
INSERT INTO `Toppick_Schema`.`Catalogo` (`PuntoDeVenta_idPuntodeVenta`, `Producto_idProducto`, `inventario`) VALUES (5, 23, 10);
INSERT INTO `Toppick_Schema`.`Catalogo` (`PuntoDeVenta_idPuntodeVenta`, `Producto_idProducto`, `inventario`) VALUES (5, 24, 10);
INSERT INTO `Toppick_Schema`.`Catalogo` (`PuntoDeVenta_idPuntodeVenta`, `Producto_idProducto`, `inventario`) VALUES (5, 25, 10);
INSERT INTO `Toppick_Schema`.`Catalogo` (`PuntoDeVenta_idPuntodeVenta`, `Producto_idProducto`, `inventario`) VALUES (5, 26, 10);
INSERT INTO `Toppick_Schema`.`Catalogo` (`PuntoDeVenta_idPuntodeVenta`, `Producto_idProducto`, `inventario`) VALUES (5, 27, 10);
INSERT INTO `Toppick_Schema`.`Catalogo` (`PuntoDeVenta_idPuntodeVenta`, `Producto_idProducto`, `inventario`) VALUES (5, 28, 10);
INSERT INTO `Toppick_Schema`.`Catalogo` (`PuntoDeVenta_idPuntodeVenta`, `Producto_idProducto`, `inventario`) VALUES (5, 29, 10);
INSERT INTO `Toppick_Schema`.`Catalogo` (`PuntoDeVenta_idPuntodeVenta`, `Producto_idProducto`, `inventario`) VALUES (5, 30, 10);
INSERT INTO `Toppick_Schema`.`Catalogo` (`PuntoDeVenta_idPuntodeVenta`, `Producto_idProducto`, `inventario`) VALUES (5, 31, 10);
INSERT INTO `Toppick_Schema`.`Catalogo` (`PuntoDeVenta_idPuntodeVenta`, `Producto_idProducto`, `inventario`) VALUES (5, 32, 10);
INSERT INTO `Toppick_Schema`.`Catalogo` (`PuntoDeVenta_idPuntodeVenta`, `Producto_idProducto`, `inventario`) VALUES (5, 33, 10);
INSERT INTO `Toppick_Schema`.`Catalogo` (`PuntoDeVenta_idPuntodeVenta`, `Producto_idProducto`, `inventario`) VALUES (5, 34, 10);
INSERT INTO `Toppick_Schema`.`Catalogo` (`PuntoDeVenta_idPuntodeVenta`, `Producto_idProducto`, `inventario`) VALUES (5, 35, 10);
INSERT INTO `Toppick_Schema`.`Catalogo` (`PuntoDeVenta_idPuntodeVenta`, `Producto_idProducto`, `inventario`) VALUES (5, 36, 10);
INSERT INTO `Toppick_Schema`.`Catalogo` (`PuntoDeVenta_idPuntodeVenta`, `Producto_idProducto`, `inventario`) VALUES (5, 37, 10);
INSERT INTO `Toppick_Schema`.`Catalogo` (`PuntoDeVenta_idPuntodeVenta`, `Producto_idProducto`, `inventario`) VALUES (5, 38, 10);
INSERT INTO `Toppick_Schema`.`Catalogo` (`PuntoDeVenta_idPuntodeVenta`, `Producto_idProducto`, `inventario`) VALUES (5, 39, 10);
INSERT INTO `Toppick_Schema`.`Catalogo` (`PuntoDeVenta_idPuntodeVenta`, `Producto_idProducto`, `inventario`) VALUES (5, 40, 10);
INSERT INTO `Toppick_Schema`.`Catalogo` (`PuntoDeVenta_idPuntodeVenta`, `Producto_idProducto`, `inventario`) VALUES (5, 41, 10);
INSERT INTO `Toppick_Schema`.`Catalogo` (`PuntoDeVenta_idPuntodeVenta`, `Producto_idProducto`, `inventario`) VALUES (5, 42, 10);
INSERT INTO `Toppick_Schema`.`Catalogo` (`PuntoDeVenta_idPuntodeVenta`, `Producto_idProducto`, `inventario`) VALUES (5, 43, 10);
INSERT INTO `Toppick_Schema`.`Catalogo` (`PuntoDeVenta_idPuntodeVenta`, `Producto_idProducto`, `inventario`) VALUES (5, 44, 10);
INSERT INTO `Toppick_Schema`.`Catalogo` (`PuntoDeVenta_idPuntodeVenta`, `Producto_idProducto`, `inventario`) VALUES (5, 45, 10);
INSERT INTO `Toppick_Schema`.`Catalogo` (`PuntoDeVenta_idPuntodeVenta`, `Producto_idProducto`, `inventario`) VALUES (5, 46, 10);
INSERT INTO `Toppick_Schema`.`Catalogo` (`PuntoDeVenta_idPuntodeVenta`, `Producto_idProducto`, `inventario`) VALUES (5, 47, 10);
INSERT INTO `Toppick_Schema`.`Catalogo` (`PuntoDeVenta_idPuntodeVenta`, `Producto_idProducto`, `inventario`) VALUES (5, 48, 10);
INSERT INTO `Toppick_Schema`.`Catalogo` (`PuntoDeVenta_idPuntodeVenta`, `Producto_idProducto`, `inventario`) VALUES (6, 36, 10);
INSERT INTO `Toppick_Schema`.`Catalogo` (`PuntoDeVenta_idPuntodeVenta`, `Producto_idProducto`, `inventario`) VALUES (6, 37, 10);
INSERT INTO `Toppick_Schema`.`Catalogo` (`PuntoDeVenta_idPuntodeVenta`, `Producto_idProducto`, `inventario`) VALUES (6, 38, 10);
INSERT INTO `Toppick_Schema`.`Catalogo` (`PuntoDeVenta_idPuntodeVenta`, `Producto_idProducto`, `inventario`) VALUES (6, 39, 10);
INSERT INTO `Toppick_Schema`.`Catalogo` (`PuntoDeVenta_idPuntodeVenta`, `Producto_idProducto`, `inventario`) VALUES (6, 40, 10);
INSERT INTO `Toppick_Schema`.`Catalogo` (`PuntoDeVenta_idPuntodeVenta`, `Producto_idProducto`, `inventario`) VALUES (6, 41, 10);
INSERT INTO `Toppick_Schema`.`Catalogo` (`PuntoDeVenta_idPuntodeVenta`, `Producto_idProducto`, `inventario`) VALUES (6, 42, 10);
INSERT INTO `Toppick_Schema`.`Catalogo` (`PuntoDeVenta_idPuntodeVenta`, `Producto_idProducto`, `inventario`) VALUES (6, 43, 10);
INSERT INTO `Toppick_Schema`.`Catalogo` (`PuntoDeVenta_idPuntodeVenta`, `Producto_idProducto`, `inventario`) VALUES (6, 44, 10);
INSERT INTO `Toppick_Schema`.`Catalogo` (`PuntoDeVenta_idPuntodeVenta`, `Producto_idProducto`, `inventario`) VALUES (6, 45, 10);
INSERT INTO `Toppick_Schema`.`Catalogo` (`PuntoDeVenta_idPuntodeVenta`, `Producto_idProducto`, `inventario`) VALUES (6, 46, 10);
INSERT INTO `Toppick_Schema`.`Catalogo` (`PuntoDeVenta_idPuntodeVenta`, `Producto_idProducto`, `inventario`) VALUES (6, 47, 10);
INSERT INTO `Toppick_Schema`.`Catalogo` (`PuntoDeVenta_idPuntodeVenta`, `Producto_idProducto`, `inventario`) VALUES (6, 48, 10);
INSERT INTO `Toppick_Schema`.`Catalogo` (`PuntoDeVenta_idPuntodeVenta`, `Producto_idProducto`, `inventario`) VALUES (6, 49, 10);
INSERT INTO `Toppick_Schema`.`Catalogo` (`PuntoDeVenta_idPuntodeVenta`, `Producto_idProducto`, `inventario`) VALUES (6, 50, 10);
INSERT INTO `Toppick_Schema`.`Catalogo` (`PuntoDeVenta_idPuntodeVenta`, `Producto_idProducto`, `inventario`) VALUES (6, 51, 10);
INSERT INTO `Toppick_Schema`.`Catalogo` (`PuntoDeVenta_idPuntodeVenta`, `Producto_idProducto`, `inventario`) VALUES (6, 52, 10);
INSERT INTO `Toppick_Schema`.`Catalogo` (`PuntoDeVenta_idPuntodeVenta`, `Producto_idProducto`, `inventario`) VALUES (6, 53, 10);
INSERT INTO `Toppick_Schema`.`Catalogo` (`PuntoDeVenta_idPuntodeVenta`, `Producto_idProducto`, `inventario`) VALUES (6, 54, 10);
INSERT INTO `Toppick_Schema`.`Catalogo` (`PuntoDeVenta_idPuntodeVenta`, `Producto_idProducto`, `inventario`) VALUES (6, 55, 10);
INSERT INTO `Toppick_Schema`.`Catalogo` (`PuntoDeVenta_idPuntodeVenta`, `Producto_idProducto`, `inventario`) VALUES (6, 56, 10);
INSERT INTO `Toppick_Schema`.`Catalogo` (`PuntoDeVenta_idPuntodeVenta`, `Producto_idProducto`, `inventario`) VALUES (6, 57, 10);
INSERT INTO `Toppick_Schema`.`Catalogo` (`PuntoDeVenta_idPuntodeVenta`, `Producto_idProducto`, `inventario`) VALUES (6, 58, 10);
INSERT INTO `Toppick_Schema`.`Catalogo` (`PuntoDeVenta_idPuntodeVenta`, `Producto_idProducto`, `inventario`) VALUES (7, 36, 10);
INSERT INTO `Toppick_Schema`.`Catalogo` (`PuntoDeVenta_idPuntodeVenta`, `Producto_idProducto`, `inventario`) VALUES (7, 37, 10);
INSERT INTO `Toppick_Schema`.`Catalogo` (`PuntoDeVenta_idPuntodeVenta`, `Producto_idProducto`, `inventario`) VALUES (7, 38, 10);
INSERT INTO `Toppick_Schema`.`Catalogo` (`PuntoDeVenta_idPuntodeVenta`, `Producto_idProducto`, `inventario`) VALUES (7, 39, 10);
INSERT INTO `Toppick_Schema`.`Catalogo` (`PuntoDeVenta_idPuntodeVenta`, `Producto_idProducto`, `inventario`) VALUES (7, 40, 10);
INSERT INTO `Toppick_Schema`.`Catalogo` (`PuntoDeVenta_idPuntodeVenta`, `Producto_idProducto`, `inventario`) VALUES (7, 41, 10);
INSERT INTO `Toppick_Schema`.`Catalogo` (`PuntoDeVenta_idPuntodeVenta`, `Producto_idProducto`, `inventario`) VALUES (7, 42, 10);
INSERT INTO `Toppick_Schema`.`Catalogo` (`PuntoDeVenta_idPuntodeVenta`, `Producto_idProducto`, `inventario`) VALUES (7, 43, 10);
INSERT INTO `Toppick_Schema`.`Catalogo` (`PuntoDeVenta_idPuntodeVenta`, `Producto_idProducto`, `inventario`) VALUES (7, 44, 10);
INSERT INTO `Toppick_Schema`.`Catalogo` (`PuntoDeVenta_idPuntodeVenta`, `Producto_idProducto`, `inventario`) VALUES (7, 45, 10);
INSERT INTO `Toppick_Schema`.`Catalogo` (`PuntoDeVenta_idPuntodeVenta`, `Producto_idProducto`, `inventario`) VALUES (7, 46, 10);
INSERT INTO `Toppick_Schema`.`Catalogo` (`PuntoDeVenta_idPuntodeVenta`, `Producto_idProducto`, `inventario`) VALUES (7, 47, 10);
INSERT INTO `Toppick_Schema`.`Catalogo` (`PuntoDeVenta_idPuntodeVenta`, `Producto_idProducto`, `inventario`) VALUES (7, 48, 10);
INSERT INTO `Toppick_Schema`.`Catalogo` (`PuntoDeVenta_idPuntodeVenta`, `Producto_idProducto`, `inventario`) VALUES (7, 49, 10);
INSERT INTO `Toppick_Schema`.`Catalogo` (`PuntoDeVenta_idPuntodeVenta`, `Producto_idProducto`, `inventario`) VALUES (7, 50, 10);
INSERT INTO `Toppick_Schema`.`Catalogo` (`PuntoDeVenta_idPuntodeVenta`, `Producto_idProducto`, `inventario`) VALUES (7, 51, 10);
INSERT INTO `Toppick_Schema`.`Catalogo` (`PuntoDeVenta_idPuntodeVenta`, `Producto_idProducto`, `inventario`) VALUES (7, 52, 10);
INSERT INTO `Toppick_Schema`.`Catalogo` (`PuntoDeVenta_idPuntodeVenta`, `Producto_idProducto`, `inventario`) VALUES (7, 53, 10);
INSERT INTO `Toppick_Schema`.`Catalogo` (`PuntoDeVenta_idPuntodeVenta`, `Producto_idProducto`, `inventario`) VALUES (7, 54, 10);
INSERT INTO `Toppick_Schema`.`Catalogo` (`PuntoDeVenta_idPuntodeVenta`, `Producto_idProducto`, `inventario`) VALUES (7, 55, 10);
INSERT INTO `Toppick_Schema`.`Catalogo` (`PuntoDeVenta_idPuntodeVenta`, `Producto_idProducto`, `inventario`) VALUES (7, 56, 10);
INSERT INTO `Toppick_Schema`.`Catalogo` (`PuntoDeVenta_idPuntodeVenta`, `Producto_idProducto`, `inventario`) VALUES (7, 57, 10);
INSERT INTO `Toppick_Schema`.`Catalogo` (`PuntoDeVenta_idPuntodeVenta`, `Producto_idProducto`, `inventario`) VALUES (7, 58, 10);
INSERT INTO `Toppick_Schema`.`Catalogo` (`PuntoDeVenta_idPuntodeVenta`, `Producto_idProducto`, `inventario`) VALUES (8, 36, 10);
INSERT INTO `Toppick_Schema`.`Catalogo` (`PuntoDeVenta_idPuntodeVenta`, `Producto_idProducto`, `inventario`) VALUES (8, 37, 10);
INSERT INTO `Toppick_Schema`.`Catalogo` (`PuntoDeVenta_idPuntodeVenta`, `Producto_idProducto`, `inventario`) VALUES (8, 38, 10);
INSERT INTO `Toppick_Schema`.`Catalogo` (`PuntoDeVenta_idPuntodeVenta`, `Producto_idProducto`, `inventario`) VALUES (8, 39, 10);
INSERT INTO `Toppick_Schema`.`Catalogo` (`PuntoDeVenta_idPuntodeVenta`, `Producto_idProducto`, `inventario`) VALUES (8, 40, 10);
INSERT INTO `Toppick_Schema`.`Catalogo` (`PuntoDeVenta_idPuntodeVenta`, `Producto_idProducto`, `inventario`) VALUES (8, 41, 10);
INSERT INTO `Toppick_Schema`.`Catalogo` (`PuntoDeVenta_idPuntodeVenta`, `Producto_idProducto`, `inventario`) VALUES (8, 42, 10);
INSERT INTO `Toppick_Schema`.`Catalogo` (`PuntoDeVenta_idPuntodeVenta`, `Producto_idProducto`, `inventario`) VALUES (8, 43, 10);
INSERT INTO `Toppick_Schema`.`Catalogo` (`PuntoDeVenta_idPuntodeVenta`, `Producto_idProducto`, `inventario`) VALUES (8, 44, 10);
INSERT INTO `Toppick_Schema`.`Catalogo` (`PuntoDeVenta_idPuntodeVenta`, `Producto_idProducto`, `inventario`) VALUES (8, 45, 10);
INSERT INTO `Toppick_Schema`.`Catalogo` (`PuntoDeVenta_idPuntodeVenta`, `Producto_idProducto`, `inventario`) VALUES (8, 46, 10);
INSERT INTO `Toppick_Schema`.`Catalogo` (`PuntoDeVenta_idPuntodeVenta`, `Producto_idProducto`, `inventario`) VALUES (8, 47, 10);
INSERT INTO `Toppick_Schema`.`Catalogo` (`PuntoDeVenta_idPuntodeVenta`, `Producto_idProducto`, `inventario`) VALUES (8, 48, 10);
INSERT INTO `Toppick_Schema`.`Catalogo` (`PuntoDeVenta_idPuntodeVenta`, `Producto_idProducto`, `inventario`) VALUES (8, 49, 10);
INSERT INTO `Toppick_Schema`.`Catalogo` (`PuntoDeVenta_idPuntodeVenta`, `Producto_idProducto`, `inventario`) VALUES (8, 50, 10);
INSERT INTO `Toppick_Schema`.`Catalogo` (`PuntoDeVenta_idPuntodeVenta`, `Producto_idProducto`, `inventario`) VALUES (8, 51, 10);
INSERT INTO `Toppick_Schema`.`Catalogo` (`PuntoDeVenta_idPuntodeVenta`, `Producto_idProducto`, `inventario`) VALUES (8, 52, 10);
INSERT INTO `Toppick_Schema`.`Catalogo` (`PuntoDeVenta_idPuntodeVenta`, `Producto_idProducto`, `inventario`) VALUES (8, 53, 10);
INSERT INTO `Toppick_Schema`.`Catalogo` (`PuntoDeVenta_idPuntodeVenta`, `Producto_idProducto`, `inventario`) VALUES (8, 54, 10);
INSERT INTO `Toppick_Schema`.`Catalogo` (`PuntoDeVenta_idPuntodeVenta`, `Producto_idProducto`, `inventario`) VALUES (8, 55, 10);
INSERT INTO `Toppick_Schema`.`Catalogo` (`PuntoDeVenta_idPuntodeVenta`, `Producto_idProducto`, `inventario`) VALUES (8, 56, 10);
INSERT INTO `Toppick_Schema`.`Catalogo` (`PuntoDeVenta_idPuntodeVenta`, `Producto_idProducto`, `inventario`) VALUES (8, 57, 10);
INSERT INTO `Toppick_Schema`.`Catalogo` (`PuntoDeVenta_idPuntodeVenta`, `Producto_idProducto`, `inventario`) VALUES (8, 58, 10);
INSERT INTO `Toppick_Schema`.`Catalogo` (`PuntoDeVenta_idPuntodeVenta`, `Producto_idProducto`, `inventario`) VALUES (9, 36, 10);
INSERT INTO `Toppick_Schema`.`Catalogo` (`PuntoDeVenta_idPuntodeVenta`, `Producto_idProducto`, `inventario`) VALUES (9, 37, 10);
INSERT INTO `Toppick_Schema`.`Catalogo` (`PuntoDeVenta_idPuntodeVenta`, `Producto_idProducto`, `inventario`) VALUES (9, 38, 10);
INSERT INTO `Toppick_Schema`.`Catalogo` (`PuntoDeVenta_idPuntodeVenta`, `Producto_idProducto`, `inventario`) VALUES (9, 39, 10);
INSERT INTO `Toppick_Schema`.`Catalogo` (`PuntoDeVenta_idPuntodeVenta`, `Producto_idProducto`, `inventario`) VALUES (9, 40, 10);
INSERT INTO `Toppick_Schema`.`Catalogo` (`PuntoDeVenta_idPuntodeVenta`, `Producto_idProducto`, `inventario`) VALUES (9, 41, 10);
INSERT INTO `Toppick_Schema`.`Catalogo` (`PuntoDeVenta_idPuntodeVenta`, `Producto_idProducto`, `inventario`) VALUES (9, 42, 10);
INSERT INTO `Toppick_Schema`.`Catalogo` (`PuntoDeVenta_idPuntodeVenta`, `Producto_idProducto`, `inventario`) VALUES (9, 43, 10);
INSERT INTO `Toppick_Schema`.`Catalogo` (`PuntoDeVenta_idPuntodeVenta`, `Producto_idProducto`, `inventario`) VALUES (9, 44, 10);
INSERT INTO `Toppick_Schema`.`Catalogo` (`PuntoDeVenta_idPuntodeVenta`, `Producto_idProducto`, `inventario`) VALUES (9, 45, 10);
INSERT INTO `Toppick_Schema`.`Catalogo` (`PuntoDeVenta_idPuntodeVenta`, `Producto_idProducto`, `inventario`) VALUES (9, 46, 10);
INSERT INTO `Toppick_Schema`.`Catalogo` (`PuntoDeVenta_idPuntodeVenta`, `Producto_idProducto`, `inventario`) VALUES (9, 47, 10);
INSERT INTO `Toppick_Schema`.`Catalogo` (`PuntoDeVenta_idPuntodeVenta`, `Producto_idProducto`, `inventario`) VALUES (9, 48, 10);
INSERT INTO `Toppick_Schema`.`Catalogo` (`PuntoDeVenta_idPuntodeVenta`, `Producto_idProducto`, `inventario`) VALUES (9, 49, 10);
INSERT INTO `Toppick_Schema`.`Catalogo` (`PuntoDeVenta_idPuntodeVenta`, `Producto_idProducto`, `inventario`) VALUES (9, 50, 10);
INSERT INTO `Toppick_Schema`.`Catalogo` (`PuntoDeVenta_idPuntodeVenta`, `Producto_idProducto`, `inventario`) VALUES (9, 51, 10);
INSERT INTO `Toppick_Schema`.`Catalogo` (`PuntoDeVenta_idPuntodeVenta`, `Producto_idProducto`, `inventario`) VALUES (9, 52, 10);
INSERT INTO `Toppick_Schema`.`Catalogo` (`PuntoDeVenta_idPuntodeVenta`, `Producto_idProducto`, `inventario`) VALUES (9, 53, 10);
INSERT INTO `Toppick_Schema`.`Catalogo` (`PuntoDeVenta_idPuntodeVenta`, `Producto_idProducto`, `inventario`) VALUES (9, 54, 10);
INSERT INTO `Toppick_Schema`.`Catalogo` (`PuntoDeVenta_idPuntodeVenta`, `Producto_idProducto`, `inventario`) VALUES (9, 55, 10);
INSERT INTO `Toppick_Schema`.`Catalogo` (`PuntoDeVenta_idPuntodeVenta`, `Producto_idProducto`, `inventario`) VALUES (9, 56, 10);
INSERT INTO `Toppick_Schema`.`Catalogo` (`PuntoDeVenta_idPuntodeVenta`, `Producto_idProducto`, `inventario`) VALUES (9, 57, 10);
INSERT INTO `Toppick_Schema`.`Catalogo` (`PuntoDeVenta_idPuntodeVenta`, `Producto_idProducto`, `inventario`) VALUES (9, 58, 10);
INSERT INTO `Toppick_Schema`.`Catalogo` (`PuntoDeVenta_idPuntodeVenta`, `Producto_idProducto`, `inventario`) VALUES (10, 36, 10);
INSERT INTO `Toppick_Schema`.`Catalogo` (`PuntoDeVenta_idPuntodeVenta`, `Producto_idProducto`, `inventario`) VALUES (10, 37, 10);
INSERT INTO `Toppick_Schema`.`Catalogo` (`PuntoDeVenta_idPuntodeVenta`, `Producto_idProducto`, `inventario`) VALUES (10, 38, 10);
INSERT INTO `Toppick_Schema`.`Catalogo` (`PuntoDeVenta_idPuntodeVenta`, `Producto_idProducto`, `inventario`) VALUES (10, 39, 10);
INSERT INTO `Toppick_Schema`.`Catalogo` (`PuntoDeVenta_idPuntodeVenta`, `Producto_idProducto`, `inventario`) VALUES (10, 40, 10);
INSERT INTO `Toppick_Schema`.`Catalogo` (`PuntoDeVenta_idPuntodeVenta`, `Producto_idProducto`, `inventario`) VALUES (10, 41, 10);
INSERT INTO `Toppick_Schema`.`Catalogo` (`PuntoDeVenta_idPuntodeVenta`, `Producto_idProducto`, `inventario`) VALUES (10, 42, 10);
INSERT INTO `Toppick_Schema`.`Catalogo` (`PuntoDeVenta_idPuntodeVenta`, `Producto_idProducto`, `inventario`) VALUES (10, 43, 10);
INSERT INTO `Toppick_Schema`.`Catalogo` (`PuntoDeVenta_idPuntodeVenta`, `Producto_idProducto`, `inventario`) VALUES (10, 44, 10);
INSERT INTO `Toppick_Schema`.`Catalogo` (`PuntoDeVenta_idPuntodeVenta`, `Producto_idProducto`, `inventario`) VALUES (10, 45, 10);
INSERT INTO `Toppick_Schema`.`Catalogo` (`PuntoDeVenta_idPuntodeVenta`, `Producto_idProducto`, `inventario`) VALUES (10, 46, 10);
INSERT INTO `Toppick_Schema`.`Catalogo` (`PuntoDeVenta_idPuntodeVenta`, `Producto_idProducto`, `inventario`) VALUES (10, 47, 10);
INSERT INTO `Toppick_Schema`.`Catalogo` (`PuntoDeVenta_idPuntodeVenta`, `Producto_idProducto`, `inventario`) VALUES (10, 48, 10);
INSERT INTO `Toppick_Schema`.`Catalogo` (`PuntoDeVenta_idPuntodeVenta`, `Producto_idProducto`, `inventario`) VALUES (10, 49, 10);
INSERT INTO `Toppick_Schema`.`Catalogo` (`PuntoDeVenta_idPuntodeVenta`, `Producto_idProducto`, `inventario`) VALUES (10, 50, 10);
INSERT INTO `Toppick_Schema`.`Catalogo` (`PuntoDeVenta_idPuntodeVenta`, `Producto_idProducto`, `inventario`) VALUES (10, 51, 10);
INSERT INTO `Toppick_Schema`.`Catalogo` (`PuntoDeVenta_idPuntodeVenta`, `Producto_idProducto`, `inventario`) VALUES (10, 52, 10);
INSERT INTO `Toppick_Schema`.`Catalogo` (`PuntoDeVenta_idPuntodeVenta`, `Producto_idProducto`, `inventario`) VALUES (10, 53, 10);
INSERT INTO `Toppick_Schema`.`Catalogo` (`PuntoDeVenta_idPuntodeVenta`, `Producto_idProducto`, `inventario`) VALUES (10, 54, 10);
INSERT INTO `Toppick_Schema`.`Catalogo` (`PuntoDeVenta_idPuntodeVenta`, `Producto_idProducto`, `inventario`) VALUES (10, 55, 10);
INSERT INTO `Toppick_Schema`.`Catalogo` (`PuntoDeVenta_idPuntodeVenta`, `Producto_idProducto`, `inventario`) VALUES (10, 56, 10);
INSERT INTO `Toppick_Schema`.`Catalogo` (`PuntoDeVenta_idPuntodeVenta`, `Producto_idProducto`, `inventario`) VALUES (10, 57, 10);
INSERT INTO `Toppick_Schema`.`Catalogo` (`PuntoDeVenta_idPuntodeVenta`, `Producto_idProducto`, `inventario`) VALUES (10, 58, 10);
INSERT INTO `Toppick_Schema`.`Catalogo` (`PuntoDeVenta_idPuntodeVenta`, `Producto_idProducto`, `inventario`) VALUES (11, 1, 10);
INSERT INTO `Toppick_Schema`.`Catalogo` (`PuntoDeVenta_idPuntodeVenta`, `Producto_idProducto`, `inventario`) VALUES (11, 2, 10);
INSERT INTO `Toppick_Schema`.`Catalogo` (`PuntoDeVenta_idPuntodeVenta`, `Producto_idProducto`, `inventario`) VALUES (11, 3, 10);
INSERT INTO `Toppick_Schema`.`Catalogo` (`PuntoDeVenta_idPuntodeVenta`, `Producto_idProducto`, `inventario`) VALUES (11, 4, 10);
INSERT INTO `Toppick_Schema`.`Catalogo` (`PuntoDeVenta_idPuntodeVenta`, `Producto_idProducto`, `inventario`) VALUES (11, 36, 10);
INSERT INTO `Toppick_Schema`.`Catalogo` (`PuntoDeVenta_idPuntodeVenta`, `Producto_idProducto`, `inventario`) VALUES (11, 37, 10);
INSERT INTO `Toppick_Schema`.`Catalogo` (`PuntoDeVenta_idPuntodeVenta`, `Producto_idProducto`, `inventario`) VALUES (11, 38, 10);
INSERT INTO `Toppick_Schema`.`Catalogo` (`PuntoDeVenta_idPuntodeVenta`, `Producto_idProducto`, `inventario`) VALUES (11, 39, 10);
INSERT INTO `Toppick_Schema`.`Catalogo` (`PuntoDeVenta_idPuntodeVenta`, `Producto_idProducto`, `inventario`) VALUES (11, 40, 10);
INSERT INTO `Toppick_Schema`.`Catalogo` (`PuntoDeVenta_idPuntodeVenta`, `Producto_idProducto`, `inventario`) VALUES (11, 41, 10);
INSERT INTO `Toppick_Schema`.`Catalogo` (`PuntoDeVenta_idPuntodeVenta`, `Producto_idProducto`, `inventario`) VALUES (11, 42, 10);
INSERT INTO `Toppick_Schema`.`Catalogo` (`PuntoDeVenta_idPuntodeVenta`, `Producto_idProducto`, `inventario`) VALUES (11, 43, 10);
INSERT INTO `Toppick_Schema`.`Catalogo` (`PuntoDeVenta_idPuntodeVenta`, `Producto_idProducto`, `inventario`) VALUES (11, 44, 10);
INSERT INTO `Toppick_Schema`.`Catalogo` (`PuntoDeVenta_idPuntodeVenta`, `Producto_idProducto`, `inventario`) VALUES (11, 45, 10);
INSERT INTO `Toppick_Schema`.`Catalogo` (`PuntoDeVenta_idPuntodeVenta`, `Producto_idProducto`, `inventario`) VALUES (11, 46, 10);
INSERT INTO `Toppick_Schema`.`Catalogo` (`PuntoDeVenta_idPuntodeVenta`, `Producto_idProducto`, `inventario`) VALUES (11, 47, 10);
INSERT INTO `Toppick_Schema`.`Catalogo` (`PuntoDeVenta_idPuntodeVenta`, `Producto_idProducto`, `inventario`) VALUES (11, 48, 10);
INSERT INTO `Toppick_Schema`.`Catalogo` (`PuntoDeVenta_idPuntodeVenta`, `Producto_idProducto`, `inventario`) VALUES (11, 49, 10);
INSERT INTO `Toppick_Schema`.`Catalogo` (`PuntoDeVenta_idPuntodeVenta`, `Producto_idProducto`, `inventario`) VALUES (11, 50, 10);
INSERT INTO `Toppick_Schema`.`Catalogo` (`PuntoDeVenta_idPuntodeVenta`, `Producto_idProducto`, `inventario`) VALUES (11, 51, 10);
INSERT INTO `Toppick_Schema`.`Catalogo` (`PuntoDeVenta_idPuntodeVenta`, `Producto_idProducto`, `inventario`) VALUES (11, 52, 10);
INSERT INTO `Toppick_Schema`.`Catalogo` (`PuntoDeVenta_idPuntodeVenta`, `Producto_idProducto`, `inventario`) VALUES (11, 53, 10);
INSERT INTO `Toppick_Schema`.`Catalogo` (`PuntoDeVenta_idPuntodeVenta`, `Producto_idProducto`, `inventario`) VALUES (11, 54, 10);
INSERT INTO `Toppick_Schema`.`Catalogo` (`PuntoDeVenta_idPuntodeVenta`, `Producto_idProducto`, `inventario`) VALUES (11, 55, 10);
INSERT INTO `Toppick_Schema`.`Catalogo` (`PuntoDeVenta_idPuntodeVenta`, `Producto_idProducto`, `inventario`) VALUES (11, 56, 10);
INSERT INTO `Toppick_Schema`.`Catalogo` (`PuntoDeVenta_idPuntodeVenta`, `Producto_idProducto`, `inventario`) VALUES (11, 57, 10);
INSERT INTO `Toppick_Schema`.`Catalogo` (`PuntoDeVenta_idPuntodeVenta`, `Producto_idProducto`, `inventario`) VALUES (11, 58, 10);
INSERT INTO `Toppick_Schema`.`Catalogo` (`PuntoDeVenta_idPuntodeVenta`, `Producto_idProducto`, `inventario`) VALUES (12, 36, 10);
INSERT INTO `Toppick_Schema`.`Catalogo` (`PuntoDeVenta_idPuntodeVenta`, `Producto_idProducto`, `inventario`) VALUES (12, 37, 10);
INSERT INTO `Toppick_Schema`.`Catalogo` (`PuntoDeVenta_idPuntodeVenta`, `Producto_idProducto`, `inventario`) VALUES (12, 38, 10);
INSERT INTO `Toppick_Schema`.`Catalogo` (`PuntoDeVenta_idPuntodeVenta`, `Producto_idProducto`, `inventario`) VALUES (12, 39, 10);
INSERT INTO `Toppick_Schema`.`Catalogo` (`PuntoDeVenta_idPuntodeVenta`, `Producto_idProducto`, `inventario`) VALUES (12, 40, 10);
INSERT INTO `Toppick_Schema`.`Catalogo` (`PuntoDeVenta_idPuntodeVenta`, `Producto_idProducto`, `inventario`) VALUES (12, 41, 10);
INSERT INTO `Toppick_Schema`.`Catalogo` (`PuntoDeVenta_idPuntodeVenta`, `Producto_idProducto`, `inventario`) VALUES (12, 42, 10);
INSERT INTO `Toppick_Schema`.`Catalogo` (`PuntoDeVenta_idPuntodeVenta`, `Producto_idProducto`, `inventario`) VALUES (12, 43, 10);
INSERT INTO `Toppick_Schema`.`Catalogo` (`PuntoDeVenta_idPuntodeVenta`, `Producto_idProducto`, `inventario`) VALUES (12, 44, 10);
INSERT INTO `Toppick_Schema`.`Catalogo` (`PuntoDeVenta_idPuntodeVenta`, `Producto_idProducto`, `inventario`) VALUES (12, 45, 10);
INSERT INTO `Toppick_Schema`.`Catalogo` (`PuntoDeVenta_idPuntodeVenta`, `Producto_idProducto`, `inventario`) VALUES (12, 46, 10);
INSERT INTO `Toppick_Schema`.`Catalogo` (`PuntoDeVenta_idPuntodeVenta`, `Producto_idProducto`, `inventario`) VALUES (12, 47, 10);
INSERT INTO `Toppick_Schema`.`Catalogo` (`PuntoDeVenta_idPuntodeVenta`, `Producto_idProducto`, `inventario`) VALUES (12, 48, 10);
INSERT INTO `Toppick_Schema`.`Catalogo` (`PuntoDeVenta_idPuntodeVenta`, `Producto_idProducto`, `inventario`) VALUES (12, 49, 10);
INSERT INTO `Toppick_Schema`.`Catalogo` (`PuntoDeVenta_idPuntodeVenta`, `Producto_idProducto`, `inventario`) VALUES (12, 50, 10);
INSERT INTO `Toppick_Schema`.`Catalogo` (`PuntoDeVenta_idPuntodeVenta`, `Producto_idProducto`, `inventario`) VALUES (12, 51, 10);
INSERT INTO `Toppick_Schema`.`Catalogo` (`PuntoDeVenta_idPuntodeVenta`, `Producto_idProducto`, `inventario`) VALUES (12, 52, 10);
INSERT INTO `Toppick_Schema`.`Catalogo` (`PuntoDeVenta_idPuntodeVenta`, `Producto_idProducto`, `inventario`) VALUES (12, 53, 10);
INSERT INTO `Toppick_Schema`.`Catalogo` (`PuntoDeVenta_idPuntodeVenta`, `Producto_idProducto`, `inventario`) VALUES (12, 54, 10);
INSERT INTO `Toppick_Schema`.`Catalogo` (`PuntoDeVenta_idPuntodeVenta`, `Producto_idProducto`, `inventario`) VALUES (12, 55, 10);
INSERT INTO `Toppick_Schema`.`Catalogo` (`PuntoDeVenta_idPuntodeVenta`, `Producto_idProducto`, `inventario`) VALUES (12, 56, 10);
INSERT INTO `Toppick_Schema`.`Catalogo` (`PuntoDeVenta_idPuntodeVenta`, `Producto_idProducto`, `inventario`) VALUES (12, 57, 10);
INSERT INTO `Toppick_Schema`.`Catalogo` (`PuntoDeVenta_idPuntodeVenta`, `Producto_idProducto`, `inventario`) VALUES (12, 58, 10);
INSERT INTO `Toppick_Schema`.`Catalogo` (`PuntoDeVenta_idPuntodeVenta`, `Producto_idProducto`, `inventario`) VALUES (13, 36, 10);
INSERT INTO `Toppick_Schema`.`Catalogo` (`PuntoDeVenta_idPuntodeVenta`, `Producto_idProducto`, `inventario`) VALUES (13, 37, 10);
INSERT INTO `Toppick_Schema`.`Catalogo` (`PuntoDeVenta_idPuntodeVenta`, `Producto_idProducto`, `inventario`) VALUES (13, 38, 10);
INSERT INTO `Toppick_Schema`.`Catalogo` (`PuntoDeVenta_idPuntodeVenta`, `Producto_idProducto`, `inventario`) VALUES (13, 39, 10);
INSERT INTO `Toppick_Schema`.`Catalogo` (`PuntoDeVenta_idPuntodeVenta`, `Producto_idProducto`, `inventario`) VALUES (13, 40, 10);
INSERT INTO `Toppick_Schema`.`Catalogo` (`PuntoDeVenta_idPuntodeVenta`, `Producto_idProducto`, `inventario`) VALUES (13, 41, 10);
INSERT INTO `Toppick_Schema`.`Catalogo` (`PuntoDeVenta_idPuntodeVenta`, `Producto_idProducto`, `inventario`) VALUES (13, 42, 10);
INSERT INTO `Toppick_Schema`.`Catalogo` (`PuntoDeVenta_idPuntodeVenta`, `Producto_idProducto`, `inventario`) VALUES (13, 43, 10);
INSERT INTO `Toppick_Schema`.`Catalogo` (`PuntoDeVenta_idPuntodeVenta`, `Producto_idProducto`, `inventario`) VALUES (13, 44, 10);
INSERT INTO `Toppick_Schema`.`Catalogo` (`PuntoDeVenta_idPuntodeVenta`, `Producto_idProducto`, `inventario`) VALUES (13, 45, 10);
INSERT INTO `Toppick_Schema`.`Catalogo` (`PuntoDeVenta_idPuntodeVenta`, `Producto_idProducto`, `inventario`) VALUES (13, 46, 10);
INSERT INTO `Toppick_Schema`.`Catalogo` (`PuntoDeVenta_idPuntodeVenta`, `Producto_idProducto`, `inventario`) VALUES (13, 47, 10);
INSERT INTO `Toppick_Schema`.`Catalogo` (`PuntoDeVenta_idPuntodeVenta`, `Producto_idProducto`, `inventario`) VALUES (13, 48, 10);
INSERT INTO `Toppick_Schema`.`Catalogo` (`PuntoDeVenta_idPuntodeVenta`, `Producto_idProducto`, `inventario`) VALUES (13, 49, 10);
INSERT INTO `Toppick_Schema`.`Catalogo` (`PuntoDeVenta_idPuntodeVenta`, `Producto_idProducto`, `inventario`) VALUES (13, 50, 10);
INSERT INTO `Toppick_Schema`.`Catalogo` (`PuntoDeVenta_idPuntodeVenta`, `Producto_idProducto`, `inventario`) VALUES (13, 51, 10);
INSERT INTO `Toppick_Schema`.`Catalogo` (`PuntoDeVenta_idPuntodeVenta`, `Producto_idProducto`, `inventario`) VALUES (13, 52, 10);
INSERT INTO `Toppick_Schema`.`Catalogo` (`PuntoDeVenta_idPuntodeVenta`, `Producto_idProducto`, `inventario`) VALUES (13, 53, 10);
INSERT INTO `Toppick_Schema`.`Catalogo` (`PuntoDeVenta_idPuntodeVenta`, `Producto_idProducto`, `inventario`) VALUES (13, 54, 10);
INSERT INTO `Toppick_Schema`.`Catalogo` (`PuntoDeVenta_idPuntodeVenta`, `Producto_idProducto`, `inventario`) VALUES (13, 55, 10);
INSERT INTO `Toppick_Schema`.`Catalogo` (`PuntoDeVenta_idPuntodeVenta`, `Producto_idProducto`, `inventario`) VALUES (13, 56, 10);
INSERT INTO `Toppick_Schema`.`Catalogo` (`PuntoDeVenta_idPuntodeVenta`, `Producto_idProducto`, `inventario`) VALUES (13, 57, 10);
INSERT INTO `Toppick_Schema`.`Catalogo` (`PuntoDeVenta_idPuntodeVenta`, `Producto_idProducto`, `inventario`) VALUES (13, 58, 10);
INSERT INTO `Toppick_Schema`.`Catalogo` (`PuntoDeVenta_idPuntodeVenta`, `Producto_idProducto`, `inventario`) VALUES (14, 36, 10);
INSERT INTO `Toppick_Schema`.`Catalogo` (`PuntoDeVenta_idPuntodeVenta`, `Producto_idProducto`, `inventario`) VALUES (14, 37, 10);
INSERT INTO `Toppick_Schema`.`Catalogo` (`PuntoDeVenta_idPuntodeVenta`, `Producto_idProducto`, `inventario`) VALUES (14, 38, 10);
INSERT INTO `Toppick_Schema`.`Catalogo` (`PuntoDeVenta_idPuntodeVenta`, `Producto_idProducto`, `inventario`) VALUES (14, 39, 10);
INSERT INTO `Toppick_Schema`.`Catalogo` (`PuntoDeVenta_idPuntodeVenta`, `Producto_idProducto`, `inventario`) VALUES (14, 40, 10);
INSERT INTO `Toppick_Schema`.`Catalogo` (`PuntoDeVenta_idPuntodeVenta`, `Producto_idProducto`, `inventario`) VALUES (14, 41, 10);
INSERT INTO `Toppick_Schema`.`Catalogo` (`PuntoDeVenta_idPuntodeVenta`, `Producto_idProducto`, `inventario`) VALUES (14, 42, 10);
INSERT INTO `Toppick_Schema`.`Catalogo` (`PuntoDeVenta_idPuntodeVenta`, `Producto_idProducto`, `inventario`) VALUES (14, 43, 10);
INSERT INTO `Toppick_Schema`.`Catalogo` (`PuntoDeVenta_idPuntodeVenta`, `Producto_idProducto`, `inventario`) VALUES (14, 44, 10);
INSERT INTO `Toppick_Schema`.`Catalogo` (`PuntoDeVenta_idPuntodeVenta`, `Producto_idProducto`, `inventario`) VALUES (14, 45, 10);
INSERT INTO `Toppick_Schema`.`Catalogo` (`PuntoDeVenta_idPuntodeVenta`, `Producto_idProducto`, `inventario`) VALUES (14, 46, 10);
INSERT INTO `Toppick_Schema`.`Catalogo` (`PuntoDeVenta_idPuntodeVenta`, `Producto_idProducto`, `inventario`) VALUES (14, 47, 10);
INSERT INTO `Toppick_Schema`.`Catalogo` (`PuntoDeVenta_idPuntodeVenta`, `Producto_idProducto`, `inventario`) VALUES (14, 48, 10);
INSERT INTO `Toppick_Schema`.`Catalogo` (`PuntoDeVenta_idPuntodeVenta`, `Producto_idProducto`, `inventario`) VALUES (14, 49, 10);
INSERT INTO `Toppick_Schema`.`Catalogo` (`PuntoDeVenta_idPuntodeVenta`, `Producto_idProducto`, `inventario`) VALUES (14, 50, 10);
INSERT INTO `Toppick_Schema`.`Catalogo` (`PuntoDeVenta_idPuntodeVenta`, `Producto_idProducto`, `inventario`) VALUES (14, 51, 10);
INSERT INTO `Toppick_Schema`.`Catalogo` (`PuntoDeVenta_idPuntodeVenta`, `Producto_idProducto`, `inventario`) VALUES (14, 52, 10);
INSERT INTO `Toppick_Schema`.`Catalogo` (`PuntoDeVenta_idPuntodeVenta`, `Producto_idProducto`, `inventario`) VALUES (14, 53, 10);
INSERT INTO `Toppick_Schema`.`Catalogo` (`PuntoDeVenta_idPuntodeVenta`, `Producto_idProducto`, `inventario`) VALUES (14, 54, 10);
INSERT INTO `Toppick_Schema`.`Catalogo` (`PuntoDeVenta_idPuntodeVenta`, `Producto_idProducto`, `inventario`) VALUES (14, 55, 10);
INSERT INTO `Toppick_Schema`.`Catalogo` (`PuntoDeVenta_idPuntodeVenta`, `Producto_idProducto`, `inventario`) VALUES (14, 56, 10);
INSERT INTO `Toppick_Schema`.`Catalogo` (`PuntoDeVenta_idPuntodeVenta`, `Producto_idProducto`, `inventario`) VALUES (14, 57, 10);
INSERT INTO `Toppick_Schema`.`Catalogo` (`PuntoDeVenta_idPuntodeVenta`, `Producto_idProducto`, `inventario`) VALUES (14, 58, 10);
INSERT INTO `Toppick_Schema`.`Catalogo` (`PuntoDeVenta_idPuntodeVenta`, `Producto_idProducto`, `inventario`) VALUES (15, 1, 10);
INSERT INTO `Toppick_Schema`.`Catalogo` (`PuntoDeVenta_idPuntodeVenta`, `Producto_idProducto`, `inventario`) VALUES (15, 2, 10);
INSERT INTO `Toppick_Schema`.`Catalogo` (`PuntoDeVenta_idPuntodeVenta`, `Producto_idProducto`, `inventario`) VALUES (15, 3, 10);
INSERT INTO `Toppick_Schema`.`Catalogo` (`PuntoDeVenta_idPuntodeVenta`, `Producto_idProducto`, `inventario`) VALUES (15, 4, 10);
INSERT INTO `Toppick_Schema`.`Catalogo` (`PuntoDeVenta_idPuntodeVenta`, `Producto_idProducto`, `inventario`) VALUES (15, 5, 10);
INSERT INTO `Toppick_Schema`.`Catalogo` (`PuntoDeVenta_idPuntodeVenta`, `Producto_idProducto`, `inventario`) VALUES (15, 6, 10);
INSERT INTO `Toppick_Schema`.`Catalogo` (`PuntoDeVenta_idPuntodeVenta`, `Producto_idProducto`, `inventario`) VALUES (15, 36, 10);
INSERT INTO `Toppick_Schema`.`Catalogo` (`PuntoDeVenta_idPuntodeVenta`, `Producto_idProducto`, `inventario`) VALUES (15, 37, 10);
INSERT INTO `Toppick_Schema`.`Catalogo` (`PuntoDeVenta_idPuntodeVenta`, `Producto_idProducto`, `inventario`) VALUES (15, 38, 10);
INSERT INTO `Toppick_Schema`.`Catalogo` (`PuntoDeVenta_idPuntodeVenta`, `Producto_idProducto`, `inventario`) VALUES (15, 39, 10);
INSERT INTO `Toppick_Schema`.`Catalogo` (`PuntoDeVenta_idPuntodeVenta`, `Producto_idProducto`, `inventario`) VALUES (15, 40, 10);
INSERT INTO `Toppick_Schema`.`Catalogo` (`PuntoDeVenta_idPuntodeVenta`, `Producto_idProducto`, `inventario`) VALUES (15, 41, 10);
INSERT INTO `Toppick_Schema`.`Catalogo` (`PuntoDeVenta_idPuntodeVenta`, `Producto_idProducto`, `inventario`) VALUES (15, 42, 10);
INSERT INTO `Toppick_Schema`.`Catalogo` (`PuntoDeVenta_idPuntodeVenta`, `Producto_idProducto`, `inventario`) VALUES (15, 43, 10);
INSERT INTO `Toppick_Schema`.`Catalogo` (`PuntoDeVenta_idPuntodeVenta`, `Producto_idProducto`, `inventario`) VALUES (15, 44, 10);
INSERT INTO `Toppick_Schema`.`Catalogo` (`PuntoDeVenta_idPuntodeVenta`, `Producto_idProducto`, `inventario`) VALUES (15, 45, 10);
INSERT INTO `Toppick_Schema`.`Catalogo` (`PuntoDeVenta_idPuntodeVenta`, `Producto_idProducto`, `inventario`) VALUES (15, 46, 10);
INSERT INTO `Toppick_Schema`.`Catalogo` (`PuntoDeVenta_idPuntodeVenta`, `Producto_idProducto`, `inventario`) VALUES (15, 47, 10);
INSERT INTO `Toppick_Schema`.`Catalogo` (`PuntoDeVenta_idPuntodeVenta`, `Producto_idProducto`, `inventario`) VALUES (15, 48, 10);
INSERT INTO `Toppick_Schema`.`Catalogo` (`PuntoDeVenta_idPuntodeVenta`, `Producto_idProducto`, `inventario`) VALUES (15, 49, 10);
INSERT INTO `Toppick_Schema`.`Catalogo` (`PuntoDeVenta_idPuntodeVenta`, `Producto_idProducto`, `inventario`) VALUES (15, 50, 10);
INSERT INTO `Toppick_Schema`.`Catalogo` (`PuntoDeVenta_idPuntodeVenta`, `Producto_idProducto`, `inventario`) VALUES (15, 51, 10);
INSERT INTO `Toppick_Schema`.`Catalogo` (`PuntoDeVenta_idPuntodeVenta`, `Producto_idProducto`, `inventario`) VALUES (15, 52, 10);
INSERT INTO `Toppick_Schema`.`Catalogo` (`PuntoDeVenta_idPuntodeVenta`, `Producto_idProducto`, `inventario`) VALUES (15, 53, 10);
INSERT INTO `Toppick_Schema`.`Catalogo` (`PuntoDeVenta_idPuntodeVenta`, `Producto_idProducto`, `inventario`) VALUES (15, 54, 10);
INSERT INTO `Toppick_Schema`.`Catalogo` (`PuntoDeVenta_idPuntodeVenta`, `Producto_idProducto`, `inventario`) VALUES (15, 55, 10);
INSERT INTO `Toppick_Schema`.`Catalogo` (`PuntoDeVenta_idPuntodeVenta`, `Producto_idProducto`, `inventario`) VALUES (15, 56, 10);
INSERT INTO `Toppick_Schema`.`Catalogo` (`PuntoDeVenta_idPuntodeVenta`, `Producto_idProducto`, `inventario`) VALUES (15, 57, 10);
INSERT INTO `Toppick_Schema`.`Catalogo` (`PuntoDeVenta_idPuntodeVenta`, `Producto_idProducto`, `inventario`) VALUES (15, 58, 10);
INSERT INTO `Toppick_Schema`.`Catalogo` (`PuntoDeVenta_idPuntodeVenta`, `Producto_idProducto`, `inventario`) VALUES (16, 5, 10);
INSERT INTO `Toppick_Schema`.`Catalogo` (`PuntoDeVenta_idPuntodeVenta`, `Producto_idProducto`, `inventario`) VALUES (16, 6, 10);
INSERT INTO `Toppick_Schema`.`Catalogo` (`PuntoDeVenta_idPuntodeVenta`, `Producto_idProducto`, `inventario`) VALUES (16, 36, 10);
INSERT INTO `Toppick_Schema`.`Catalogo` (`PuntoDeVenta_idPuntodeVenta`, `Producto_idProducto`, `inventario`) VALUES (16, 37, 10);
INSERT INTO `Toppick_Schema`.`Catalogo` (`PuntoDeVenta_idPuntodeVenta`, `Producto_idProducto`, `inventario`) VALUES (16, 38, 10);
INSERT INTO `Toppick_Schema`.`Catalogo` (`PuntoDeVenta_idPuntodeVenta`, `Producto_idProducto`, `inventario`) VALUES (16, 39, 10);
INSERT INTO `Toppick_Schema`.`Catalogo` (`PuntoDeVenta_idPuntodeVenta`, `Producto_idProducto`, `inventario`) VALUES (16, 40, 10);
INSERT INTO `Toppick_Schema`.`Catalogo` (`PuntoDeVenta_idPuntodeVenta`, `Producto_idProducto`, `inventario`) VALUES (16, 41, 10);
INSERT INTO `Toppick_Schema`.`Catalogo` (`PuntoDeVenta_idPuntodeVenta`, `Producto_idProducto`, `inventario`) VALUES (16, 42, 10);
INSERT INTO `Toppick_Schema`.`Catalogo` (`PuntoDeVenta_idPuntodeVenta`, `Producto_idProducto`, `inventario`) VALUES (16, 43, 10);
INSERT INTO `Toppick_Schema`.`Catalogo` (`PuntoDeVenta_idPuntodeVenta`, `Producto_idProducto`, `inventario`) VALUES (16, 44, 10);
INSERT INTO `Toppick_Schema`.`Catalogo` (`PuntoDeVenta_idPuntodeVenta`, `Producto_idProducto`, `inventario`) VALUES (16, 45, 10);
INSERT INTO `Toppick_Schema`.`Catalogo` (`PuntoDeVenta_idPuntodeVenta`, `Producto_idProducto`, `inventario`) VALUES (16, 46, 10);
INSERT INTO `Toppick_Schema`.`Catalogo` (`PuntoDeVenta_idPuntodeVenta`, `Producto_idProducto`, `inventario`) VALUES (16, 47, 10);
INSERT INTO `Toppick_Schema`.`Catalogo` (`PuntoDeVenta_idPuntodeVenta`, `Producto_idProducto`, `inventario`) VALUES (16, 48, 10);
INSERT INTO `Toppick_Schema`.`Catalogo` (`PuntoDeVenta_idPuntodeVenta`, `Producto_idProducto`, `inventario`) VALUES (16, 49, 10);
INSERT INTO `Toppick_Schema`.`Catalogo` (`PuntoDeVenta_idPuntodeVenta`, `Producto_idProducto`, `inventario`) VALUES (16, 50, 10);
INSERT INTO `Toppick_Schema`.`Catalogo` (`PuntoDeVenta_idPuntodeVenta`, `Producto_idProducto`, `inventario`) VALUES (16, 51, 10);
INSERT INTO `Toppick_Schema`.`Catalogo` (`PuntoDeVenta_idPuntodeVenta`, `Producto_idProducto`, `inventario`) VALUES (16, 52, 10);
INSERT INTO `Toppick_Schema`.`Catalogo` (`PuntoDeVenta_idPuntodeVenta`, `Producto_idProducto`, `inventario`) VALUES (16, 53, 10);
INSERT INTO `Toppick_Schema`.`Catalogo` (`PuntoDeVenta_idPuntodeVenta`, `Producto_idProducto`, `inventario`) VALUES (16, 54, 10);
INSERT INTO `Toppick_Schema`.`Catalogo` (`PuntoDeVenta_idPuntodeVenta`, `Producto_idProducto`, `inventario`) VALUES (16, 55, 10);
INSERT INTO `Toppick_Schema`.`Catalogo` (`PuntoDeVenta_idPuntodeVenta`, `Producto_idProducto`, `inventario`) VALUES (16, 56, 10);
INSERT INTO `Toppick_Schema`.`Catalogo` (`PuntoDeVenta_idPuntodeVenta`, `Producto_idProducto`, `inventario`) VALUES (16, 57, 10);
INSERT INTO `Toppick_Schema`.`Catalogo` (`PuntoDeVenta_idPuntodeVenta`, `Producto_idProducto`, `inventario`) VALUES (16, 58, 10);

COMMIT;


-- -----------------------------------------------------
-- Data for table `Toppick_Schema`.`Día`
-- -----------------------------------------------------
START TRANSACTION;
USE `Toppick_Schema`;
INSERT INTO `Toppick_Schema`.`Día` (`idDía`, `nombreDia`) VALUES (1, 'Lunes');
INSERT INTO `Toppick_Schema`.`Día` (`idDía`, `nombreDia`) VALUES (2, 'Martes');
INSERT INTO `Toppick_Schema`.`Día` (`idDía`, `nombreDia`) VALUES (3, 'Miércoles');
INSERT INTO `Toppick_Schema`.`Día` (`idDía`, `nombreDia`) VALUES (4, 'Jueves');
INSERT INTO `Toppick_Schema`.`Día` (`idDía`, `nombreDia`) VALUES (5, 'Viernes');
INSERT INTO `Toppick_Schema`.`Día` (`idDía`, `nombreDia`) VALUES (6, 'Sábado');
INSERT INTO `Toppick_Schema`.`Día` (`idDía`, `nombreDia`) VALUES (7, 'Domingo');

COMMIT;


-- -----------------------------------------------------
-- Data for table `Toppick_Schema`.`HoraApertura`
-- -----------------------------------------------------
START TRANSACTION;
USE `Toppick_Schema`;
INSERT INTO `Toppick_Schema`.`HoraApertura` (`idHoraApertura`, `horaApertura`) VALUES (1, '00:00:00');
INSERT INTO `Toppick_Schema`.`HoraApertura` (`idHoraApertura`, `horaApertura`) VALUES (2, '06:00');
INSERT INTO `Toppick_Schema`.`HoraApertura` (`idHoraApertura`, `horaApertura`) VALUES (3, '06:30');
INSERT INTO `Toppick_Schema`.`HoraApertura` (`idHoraApertura`, `horaApertura`) VALUES (4, '07:00');
INSERT INTO `Toppick_Schema`.`HoraApertura` (`idHoraApertura`, `horaApertura`) VALUES (5, '12:00');

COMMIT;


-- -----------------------------------------------------
-- Data for table `Toppick_Schema`.`HoraCierre`
-- -----------------------------------------------------
START TRANSACTION;
USE `Toppick_Schema`;
INSERT INTO `Toppick_Schema`.`HoraCierre` (`idHoraCierre`, `horaCierre`) VALUES (1, '13:00');
INSERT INTO `Toppick_Schema`.`HoraCierre` (`idHoraCierre`, `horaCierre`) VALUES (2, '13:30');
INSERT INTO `Toppick_Schema`.`HoraCierre` (`idHoraCierre`, `horaCierre`) VALUES (3, '14:00');
INSERT INTO `Toppick_Schema`.`HoraCierre` (`idHoraCierre`, `horaCierre`) VALUES (4, '15:00');
INSERT INTO `Toppick_Schema`.`HoraCierre` (`idHoraCierre`, `horaCierre`) VALUES (5, '16:00');
INSERT INTO `Toppick_Schema`.`HoraCierre` (`idHoraCierre`, `horaCierre`) VALUES (6, '18:00');
INSERT INTO `Toppick_Schema`.`HoraCierre` (`idHoraCierre`, `horaCierre`) VALUES (7, '19:00');
INSERT INTO `Toppick_Schema`.`HoraCierre` (`idHoraCierre`, `horaCierre`) VALUES (8, '19:30');
INSERT INTO `Toppick_Schema`.`HoraCierre` (`idHoraCierre`, `horaCierre`) VALUES (9, '20:00');
INSERT INTO `Toppick_Schema`.`HoraCierre` (`idHoraCierre`, `horaCierre`) VALUES (10, '20:30');
INSERT INTO `Toppick_Schema`.`HoraCierre` (`idHoraCierre`, `horaCierre`) VALUES (11, '21:00');
INSERT INTO `Toppick_Schema`.`HoraCierre` (`idHoraCierre`, `horaCierre`) VALUES (12, '22:00');
INSERT INTO `Toppick_Schema`.`HoraCierre` (`idHoraCierre`, `horaCierre`) VALUES (13, '23:59:59');

COMMIT;


-- -----------------------------------------------------
-- Data for table `Toppick_Schema`.`Horario`
-- -----------------------------------------------------
START TRANSACTION;
USE `Toppick_Schema`;
INSERT INTO `Toppick_Schema`.`Horario` (`idHorario`, `HoraApertura_idHoraApertura`, `HoraCierre_idHoraCierre`) VALUES (1, 2, 11);
INSERT INTO `Toppick_Schema`.`Horario` (`idHorario`, `HoraApertura_idHoraApertura`, `HoraCierre_idHoraCierre`) VALUES (2, 4, 3);
INSERT INTO `Toppick_Schema`.`Horario` (`idHorario`, `HoraApertura_idHoraApertura`, `HoraCierre_idHoraCierre`) VALUES (3, 1, 13);
INSERT INTO `Toppick_Schema`.`Horario` (`idHorario`, `HoraApertura_idHoraApertura`, `HoraCierre_idHoraCierre`) VALUES (4, 3, 10);
INSERT INTO `Toppick_Schema`.`Horario` (`idHorario`, `HoraApertura_idHoraApertura`, `HoraCierre_idHoraCierre`) VALUES (5, 3, 11);
INSERT INTO `Toppick_Schema`.`Horario` (`idHorario`, `HoraApertura_idHoraApertura`, `HoraCierre_idHoraCierre`) VALUES (6, 4, 5);
INSERT INTO `Toppick_Schema`.`Horario` (`idHorario`, `HoraApertura_idHoraApertura`, `HoraCierre_idHoraCierre`) VALUES (7, 3, 9);
INSERT INTO `Toppick_Schema`.`Horario` (`idHorario`, `HoraApertura_idHoraApertura`, `HoraCierre_idHoraCierre`) VALUES (8, 4, 1);
INSERT INTO `Toppick_Schema`.`Horario` (`idHorario`, `HoraApertura_idHoraApertura`, `HoraCierre_idHoraCierre`) VALUES (9, 3, 8);
INSERT INTO `Toppick_Schema`.`Horario` (`idHorario`, `HoraApertura_idHoraApertura`, `HoraCierre_idHoraCierre`) VALUES (10, 3, 12);
INSERT INTO `Toppick_Schema`.`Horario` (`idHorario`, `HoraApertura_idHoraApertura`, `HoraCierre_idHoraCierre`) VALUES (11, 4, 4);
INSERT INTO `Toppick_Schema`.`Horario` (`idHorario`, `HoraApertura_idHoraApertura`, `HoraCierre_idHoraCierre`) VALUES (12, 4, 7);
INSERT INTO `Toppick_Schema`.`Horario` (`idHorario`, `HoraApertura_idHoraApertura`, `HoraCierre_idHoraCierre`) VALUES (13, 4, 2);
INSERT INTO `Toppick_Schema`.`Horario` (`idHorario`, `HoraApertura_idHoraApertura`, `HoraCierre_idHoraCierre`) VALUES (14, 5, 7);
INSERT INTO `Toppick_Schema`.`Horario` (`idHorario`, `HoraApertura_idHoraApertura`, `HoraCierre_idHoraCierre`) VALUES (15, 3, 6);

COMMIT;


-- -----------------------------------------------------
-- Data for table `Toppick_Schema`.`PuntoDeVentaXHorario`
-- -----------------------------------------------------
START TRANSACTION;
USE `Toppick_Schema`;
INSERT INTO `Toppick_Schema`.`PuntoDeVentaXHorario` (`PuntoDeVenta_idPuntodeVenta`, `Horario_idHorario`, `Día_idDía`) VALUES (1, 1, 1);
INSERT INTO `Toppick_Schema`.`PuntoDeVentaXHorario` (`PuntoDeVenta_idPuntodeVenta`, `Horario_idHorario`, `Día_idDía`) VALUES (1, 1, 2);
INSERT INTO `Toppick_Schema`.`PuntoDeVentaXHorario` (`PuntoDeVenta_idPuntodeVenta`, `Horario_idHorario`, `Día_idDía`) VALUES (1, 1, 3);
INSERT INTO `Toppick_Schema`.`PuntoDeVentaXHorario` (`PuntoDeVenta_idPuntodeVenta`, `Horario_idHorario`, `Día_idDía`) VALUES (1, 1, 4);
INSERT INTO `Toppick_Schema`.`PuntoDeVentaXHorario` (`PuntoDeVenta_idPuntodeVenta`, `Horario_idHorario`, `Día_idDía`) VALUES (1, 1, 5);
INSERT INTO `Toppick_Schema`.`PuntoDeVentaXHorario` (`PuntoDeVenta_idPuntodeVenta`, `Horario_idHorario`, `Día_idDía`) VALUES (1, 2, 6);
INSERT INTO `Toppick_Schema`.`PuntoDeVentaXHorario` (`PuntoDeVenta_idPuntodeVenta`, `Horario_idHorario`, `Día_idDía`) VALUES (2, 3, 1);
INSERT INTO `Toppick_Schema`.`PuntoDeVentaXHorario` (`PuntoDeVenta_idPuntodeVenta`, `Horario_idHorario`, `Día_idDía`) VALUES (2, 3, 2);
INSERT INTO `Toppick_Schema`.`PuntoDeVentaXHorario` (`PuntoDeVenta_idPuntodeVenta`, `Horario_idHorario`, `Día_idDía`) VALUES (2, 3, 3);
INSERT INTO `Toppick_Schema`.`PuntoDeVentaXHorario` (`PuntoDeVenta_idPuntodeVenta`, `Horario_idHorario`, `Día_idDía`) VALUES (2, 3, 4);
INSERT INTO `Toppick_Schema`.`PuntoDeVentaXHorario` (`PuntoDeVenta_idPuntodeVenta`, `Horario_idHorario`, `Día_idDía`) VALUES (2, 3, 5);
INSERT INTO `Toppick_Schema`.`PuntoDeVentaXHorario` (`PuntoDeVenta_idPuntodeVenta`, `Horario_idHorario`, `Día_idDía`) VALUES (2, 3, 6);
INSERT INTO `Toppick_Schema`.`PuntoDeVentaXHorario` (`PuntoDeVenta_idPuntodeVenta`, `Horario_idHorario`, `Día_idDía`) VALUES (2, 3, 7);
INSERT INTO `Toppick_Schema`.`PuntoDeVentaXHorario` (`PuntoDeVenta_idPuntodeVenta`, `Horario_idHorario`, `Día_idDía`) VALUES (3, 4, 1);
INSERT INTO `Toppick_Schema`.`PuntoDeVentaXHorario` (`PuntoDeVenta_idPuntodeVenta`, `Horario_idHorario`, `Día_idDía`) VALUES (3, 4, 2);
INSERT INTO `Toppick_Schema`.`PuntoDeVentaXHorario` (`PuntoDeVenta_idPuntodeVenta`, `Horario_idHorario`, `Día_idDía`) VALUES (3, 4, 3);
INSERT INTO `Toppick_Schema`.`PuntoDeVentaXHorario` (`PuntoDeVenta_idPuntodeVenta`, `Horario_idHorario`, `Día_idDía`) VALUES (3, 4, 4);
INSERT INTO `Toppick_Schema`.`PuntoDeVentaXHorario` (`PuntoDeVenta_idPuntodeVenta`, `Horario_idHorario`, `Día_idDía`) VALUES (3, 4, 5);
INSERT INTO `Toppick_Schema`.`PuntoDeVentaXHorario` (`PuntoDeVenta_idPuntodeVenta`, `Horario_idHorario`, `Día_idDía`) VALUES (3, 2, 6);
INSERT INTO `Toppick_Schema`.`PuntoDeVentaXHorario` (`PuntoDeVenta_idPuntodeVenta`, `Horario_idHorario`, `Día_idDía`) VALUES (4, 5, 1);
INSERT INTO `Toppick_Schema`.`PuntoDeVentaXHorario` (`PuntoDeVenta_idPuntodeVenta`, `Horario_idHorario`, `Día_idDía`) VALUES (4, 5, 2);
INSERT INTO `Toppick_Schema`.`PuntoDeVentaXHorario` (`PuntoDeVenta_idPuntodeVenta`, `Horario_idHorario`, `Día_idDía`) VALUES (4, 5, 3);
INSERT INTO `Toppick_Schema`.`PuntoDeVentaXHorario` (`PuntoDeVenta_idPuntodeVenta`, `Horario_idHorario`, `Día_idDía`) VALUES (4, 5, 4);
INSERT INTO `Toppick_Schema`.`PuntoDeVentaXHorario` (`PuntoDeVenta_idPuntodeVenta`, `Horario_idHorario`, `Día_idDía`) VALUES (4, 5, 5);
INSERT INTO `Toppick_Schema`.`PuntoDeVentaXHorario` (`PuntoDeVenta_idPuntodeVenta`, `Horario_idHorario`, `Día_idDía`) VALUES (4, 2, 6);
INSERT INTO `Toppick_Schema`.`PuntoDeVentaXHorario` (`PuntoDeVenta_idPuntodeVenta`, `Horario_idHorario`, `Día_idDía`) VALUES (5, 6, 1);
INSERT INTO `Toppick_Schema`.`PuntoDeVentaXHorario` (`PuntoDeVenta_idPuntodeVenta`, `Horario_idHorario`, `Día_idDía`) VALUES (5, 6, 2);
INSERT INTO `Toppick_Schema`.`PuntoDeVentaXHorario` (`PuntoDeVenta_idPuntodeVenta`, `Horario_idHorario`, `Día_idDía`) VALUES (5, 6, 3);
INSERT INTO `Toppick_Schema`.`PuntoDeVentaXHorario` (`PuntoDeVenta_idPuntodeVenta`, `Horario_idHorario`, `Día_idDía`) VALUES (5, 6, 4);
INSERT INTO `Toppick_Schema`.`PuntoDeVentaXHorario` (`PuntoDeVenta_idPuntodeVenta`, `Horario_idHorario`, `Día_idDía`) VALUES (5, 6, 5);
INSERT INTO `Toppick_Schema`.`PuntoDeVentaXHorario` (`PuntoDeVenta_idPuntodeVenta`, `Horario_idHorario`, `Día_idDía`) VALUES (6, 9, 1);
INSERT INTO `Toppick_Schema`.`PuntoDeVentaXHorario` (`PuntoDeVenta_idPuntodeVenta`, `Horario_idHorario`, `Día_idDía`) VALUES (6, 9, 2);
INSERT INTO `Toppick_Schema`.`PuntoDeVentaXHorario` (`PuntoDeVenta_idPuntodeVenta`, `Horario_idHorario`, `Día_idDía`) VALUES (6, 9, 3);
INSERT INTO `Toppick_Schema`.`PuntoDeVentaXHorario` (`PuntoDeVenta_idPuntodeVenta`, `Horario_idHorario`, `Día_idDía`) VALUES (6, 9, 4);
INSERT INTO `Toppick_Schema`.`PuntoDeVentaXHorario` (`PuntoDeVenta_idPuntodeVenta`, `Horario_idHorario`, `Día_idDía`) VALUES (6, 9, 5);
INSERT INTO `Toppick_Schema`.`PuntoDeVentaXHorario` (`PuntoDeVenta_idPuntodeVenta`, `Horario_idHorario`, `Día_idDía`) VALUES (6, 2, 6);
INSERT INTO `Toppick_Schema`.`PuntoDeVentaXHorario` (`PuntoDeVenta_idPuntodeVenta`, `Horario_idHorario`, `Día_idDía`) VALUES (7, 10, 1);
INSERT INTO `Toppick_Schema`.`PuntoDeVentaXHorario` (`PuntoDeVenta_idPuntodeVenta`, `Horario_idHorario`, `Día_idDía`) VALUES (7, 10, 2);
INSERT INTO `Toppick_Schema`.`PuntoDeVentaXHorario` (`PuntoDeVenta_idPuntodeVenta`, `Horario_idHorario`, `Día_idDía`) VALUES (7, 10, 3);
INSERT INTO `Toppick_Schema`.`PuntoDeVentaXHorario` (`PuntoDeVenta_idPuntodeVenta`, `Horario_idHorario`, `Día_idDía`) VALUES (7, 10, 4);
INSERT INTO `Toppick_Schema`.`PuntoDeVentaXHorario` (`PuntoDeVenta_idPuntodeVenta`, `Horario_idHorario`, `Día_idDía`) VALUES (7, 10, 5);
INSERT INTO `Toppick_Schema`.`PuntoDeVentaXHorario` (`PuntoDeVenta_idPuntodeVenta`, `Horario_idHorario`, `Día_idDía`) VALUES (7, 11, 6);
INSERT INTO `Toppick_Schema`.`PuntoDeVentaXHorario` (`PuntoDeVenta_idPuntodeVenta`, `Horario_idHorario`, `Día_idDía`) VALUES (8, 3, 1);
INSERT INTO `Toppick_Schema`.`PuntoDeVentaXHorario` (`PuntoDeVenta_idPuntodeVenta`, `Horario_idHorario`, `Día_idDía`) VALUES (8, 3, 2);
INSERT INTO `Toppick_Schema`.`PuntoDeVentaXHorario` (`PuntoDeVenta_idPuntodeVenta`, `Horario_idHorario`, `Día_idDía`) VALUES (8, 3, 3);
INSERT INTO `Toppick_Schema`.`PuntoDeVentaXHorario` (`PuntoDeVenta_idPuntodeVenta`, `Horario_idHorario`, `Día_idDía`) VALUES (8, 3, 4);
INSERT INTO `Toppick_Schema`.`PuntoDeVentaXHorario` (`PuntoDeVenta_idPuntodeVenta`, `Horario_idHorario`, `Día_idDía`) VALUES (8, 3, 5);
INSERT INTO `Toppick_Schema`.`PuntoDeVentaXHorario` (`PuntoDeVenta_idPuntodeVenta`, `Horario_idHorario`, `Día_idDía`) VALUES (8, 3, 6);
INSERT INTO `Toppick_Schema`.`PuntoDeVentaXHorario` (`PuntoDeVenta_idPuntodeVenta`, `Horario_idHorario`, `Día_idDía`) VALUES (8, 3, 7);
INSERT INTO `Toppick_Schema`.`PuntoDeVentaXHorario` (`PuntoDeVenta_idPuntodeVenta`, `Horario_idHorario`, `Día_idDía`) VALUES (9, 4, 1);
INSERT INTO `Toppick_Schema`.`PuntoDeVentaXHorario` (`PuntoDeVenta_idPuntodeVenta`, `Horario_idHorario`, `Día_idDía`) VALUES (9, 4, 2);
INSERT INTO `Toppick_Schema`.`PuntoDeVentaXHorario` (`PuntoDeVenta_idPuntodeVenta`, `Horario_idHorario`, `Día_idDía`) VALUES (9, 4, 3);
INSERT INTO `Toppick_Schema`.`PuntoDeVentaXHorario` (`PuntoDeVenta_idPuntodeVenta`, `Horario_idHorario`, `Día_idDía`) VALUES (9, 4, 4);
INSERT INTO `Toppick_Schema`.`PuntoDeVentaXHorario` (`PuntoDeVenta_idPuntodeVenta`, `Horario_idHorario`, `Día_idDía`) VALUES (9, 4, 5);
INSERT INTO `Toppick_Schema`.`PuntoDeVentaXHorario` (`PuntoDeVenta_idPuntodeVenta`, `Horario_idHorario`, `Día_idDía`) VALUES (9, 2, 6);
INSERT INTO `Toppick_Schema`.`PuntoDeVentaXHorario` (`PuntoDeVenta_idPuntodeVenta`, `Horario_idHorario`, `Día_idDía`) VALUES (10, 3, 1);
INSERT INTO `Toppick_Schema`.`PuntoDeVentaXHorario` (`PuntoDeVenta_idPuntodeVenta`, `Horario_idHorario`, `Día_idDía`) VALUES (10, 3, 2);
INSERT INTO `Toppick_Schema`.`PuntoDeVentaXHorario` (`PuntoDeVenta_idPuntodeVenta`, `Horario_idHorario`, `Día_idDía`) VALUES (10, 3, 3);
INSERT INTO `Toppick_Schema`.`PuntoDeVentaXHorario` (`PuntoDeVenta_idPuntodeVenta`, `Horario_idHorario`, `Día_idDía`) VALUES (10, 3, 4);
INSERT INTO `Toppick_Schema`.`PuntoDeVentaXHorario` (`PuntoDeVenta_idPuntodeVenta`, `Horario_idHorario`, `Día_idDía`) VALUES (10, 3, 5);
INSERT INTO `Toppick_Schema`.`PuntoDeVentaXHorario` (`PuntoDeVenta_idPuntodeVenta`, `Horario_idHorario`, `Día_idDía`) VALUES (10, 3, 6);
INSERT INTO `Toppick_Schema`.`PuntoDeVentaXHorario` (`PuntoDeVenta_idPuntodeVenta`, `Horario_idHorario`, `Día_idDía`) VALUES (10, 3, 7);
INSERT INTO `Toppick_Schema`.`PuntoDeVentaXHorario` (`PuntoDeVenta_idPuntodeVenta`, `Horario_idHorario`, `Día_idDía`) VALUES (11, 5, 1);
INSERT INTO `Toppick_Schema`.`PuntoDeVentaXHorario` (`PuntoDeVenta_idPuntodeVenta`, `Horario_idHorario`, `Día_idDía`) VALUES (11, 5, 2);
INSERT INTO `Toppick_Schema`.`PuntoDeVentaXHorario` (`PuntoDeVenta_idPuntodeVenta`, `Horario_idHorario`, `Día_idDía`) VALUES (11, 5, 3);
INSERT INTO `Toppick_Schema`.`PuntoDeVentaXHorario` (`PuntoDeVenta_idPuntodeVenta`, `Horario_idHorario`, `Día_idDía`) VALUES (11, 5, 4);
INSERT INTO `Toppick_Schema`.`PuntoDeVentaXHorario` (`PuntoDeVenta_idPuntodeVenta`, `Horario_idHorario`, `Día_idDía`) VALUES (11, 5, 5);
INSERT INTO `Toppick_Schema`.`PuntoDeVentaXHorario` (`PuntoDeVenta_idPuntodeVenta`, `Horario_idHorario`, `Día_idDía`) VALUES (11, 2, 6);
INSERT INTO `Toppick_Schema`.`PuntoDeVentaXHorario` (`PuntoDeVenta_idPuntodeVenta`, `Horario_idHorario`, `Día_idDía`) VALUES (12, 7, 1);
INSERT INTO `Toppick_Schema`.`PuntoDeVentaXHorario` (`PuntoDeVenta_idPuntodeVenta`, `Horario_idHorario`, `Día_idDía`) VALUES (12, 7, 2);
INSERT INTO `Toppick_Schema`.`PuntoDeVentaXHorario` (`PuntoDeVenta_idPuntodeVenta`, `Horario_idHorario`, `Día_idDía`) VALUES (12, 7, 3);
INSERT INTO `Toppick_Schema`.`PuntoDeVentaXHorario` (`PuntoDeVenta_idPuntodeVenta`, `Horario_idHorario`, `Día_idDía`) VALUES (12, 7, 4);
INSERT INTO `Toppick_Schema`.`PuntoDeVentaXHorario` (`PuntoDeVenta_idPuntodeVenta`, `Horario_idHorario`, `Día_idDía`) VALUES (12, 7, 5);
INSERT INTO `Toppick_Schema`.`PuntoDeVentaXHorario` (`PuntoDeVenta_idPuntodeVenta`, `Horario_idHorario`, `Día_idDía`) VALUES (12, 8, 6);
INSERT INTO `Toppick_Schema`.`PuntoDeVentaXHorario` (`PuntoDeVenta_idPuntodeVenta`, `Horario_idHorario`, `Día_idDía`) VALUES (13, 7, 1);
INSERT INTO `Toppick_Schema`.`PuntoDeVentaXHorario` (`PuntoDeVenta_idPuntodeVenta`, `Horario_idHorario`, `Día_idDía`) VALUES (13, 7, 2);
INSERT INTO `Toppick_Schema`.`PuntoDeVentaXHorario` (`PuntoDeVenta_idPuntodeVenta`, `Horario_idHorario`, `Día_idDía`) VALUES (13, 7, 3);
INSERT INTO `Toppick_Schema`.`PuntoDeVentaXHorario` (`PuntoDeVenta_idPuntodeVenta`, `Horario_idHorario`, `Día_idDía`) VALUES (13, 7, 4);
INSERT INTO `Toppick_Schema`.`PuntoDeVentaXHorario` (`PuntoDeVenta_idPuntodeVenta`, `Horario_idHorario`, `Día_idDía`) VALUES (13, 7, 5);
INSERT INTO `Toppick_Schema`.`PuntoDeVentaXHorario` (`PuntoDeVenta_idPuntodeVenta`, `Horario_idHorario`, `Día_idDía`) VALUES (13, 8, 6);
INSERT INTO `Toppick_Schema`.`PuntoDeVentaXHorario` (`PuntoDeVenta_idPuntodeVenta`, `Horario_idHorario`, `Día_idDía`) VALUES (14, 9, 1);
INSERT INTO `Toppick_Schema`.`PuntoDeVentaXHorario` (`PuntoDeVenta_idPuntodeVenta`, `Horario_idHorario`, `Día_idDía`) VALUES (14, 9, 2);
INSERT INTO `Toppick_Schema`.`PuntoDeVentaXHorario` (`PuntoDeVenta_idPuntodeVenta`, `Horario_idHorario`, `Día_idDía`) VALUES (14, 9, 3);
INSERT INTO `Toppick_Schema`.`PuntoDeVentaXHorario` (`PuntoDeVenta_idPuntodeVenta`, `Horario_idHorario`, `Día_idDía`) VALUES (14, 9, 4);
INSERT INTO `Toppick_Schema`.`PuntoDeVentaXHorario` (`PuntoDeVenta_idPuntodeVenta`, `Horario_idHorario`, `Día_idDía`) VALUES (14, 9, 5);
INSERT INTO `Toppick_Schema`.`PuntoDeVentaXHorario` (`PuntoDeVenta_idPuntodeVenta`, `Horario_idHorario`, `Día_idDía`) VALUES (14, 8, 6);
INSERT INTO `Toppick_Schema`.`PuntoDeVentaXHorario` (`PuntoDeVenta_idPuntodeVenta`, `Horario_idHorario`, `Día_idDía`) VALUES (15, 6, 1);
INSERT INTO `Toppick_Schema`.`PuntoDeVentaXHorario` (`PuntoDeVenta_idPuntodeVenta`, `Horario_idHorario`, `Día_idDía`) VALUES (15, 6, 2);
INSERT INTO `Toppick_Schema`.`PuntoDeVentaXHorario` (`PuntoDeVenta_idPuntodeVenta`, `Horario_idHorario`, `Día_idDía`) VALUES (15, 6, 3);
INSERT INTO `Toppick_Schema`.`PuntoDeVentaXHorario` (`PuntoDeVenta_idPuntodeVenta`, `Horario_idHorario`, `Día_idDía`) VALUES (15, 6, 4);
INSERT INTO `Toppick_Schema`.`PuntoDeVentaXHorario` (`PuntoDeVenta_idPuntodeVenta`, `Horario_idHorario`, `Día_idDía`) VALUES (15, 6, 5);
INSERT INTO `Toppick_Schema`.`PuntoDeVentaXHorario` (`PuntoDeVenta_idPuntodeVenta`, `Horario_idHorario`, `Día_idDía`) VALUES (16, 4, 1);
INSERT INTO `Toppick_Schema`.`PuntoDeVentaXHorario` (`PuntoDeVenta_idPuntodeVenta`, `Horario_idHorario`, `Día_idDía`) VALUES (16, 4, 2);
INSERT INTO `Toppick_Schema`.`PuntoDeVentaXHorario` (`PuntoDeVenta_idPuntodeVenta`, `Horario_idHorario`, `Día_idDía`) VALUES (16, 4, 3);
INSERT INTO `Toppick_Schema`.`PuntoDeVentaXHorario` (`PuntoDeVenta_idPuntodeVenta`, `Horario_idHorario`, `Día_idDía`) VALUES (16, 4, 4);
INSERT INTO `Toppick_Schema`.`PuntoDeVentaXHorario` (`PuntoDeVenta_idPuntodeVenta`, `Horario_idHorario`, `Día_idDía`) VALUES (16, 4, 5);
INSERT INTO `Toppick_Schema`.`PuntoDeVentaXHorario` (`PuntoDeVenta_idPuntodeVenta`, `Horario_idHorario`, `Día_idDía`) VALUES (16, 2, 6);
INSERT INTO `Toppick_Schema`.`PuntoDeVentaXHorario` (`PuntoDeVenta_idPuntodeVenta`, `Horario_idHorario`, `Día_idDía`) VALUES (18, 4, 1);
INSERT INTO `Toppick_Schema`.`PuntoDeVentaXHorario` (`PuntoDeVenta_idPuntodeVenta`, `Horario_idHorario`, `Día_idDía`) VALUES (18, 4, 2);
INSERT INTO `Toppick_Schema`.`PuntoDeVentaXHorario` (`PuntoDeVenta_idPuntodeVenta`, `Horario_idHorario`, `Día_idDía`) VALUES (18, 4, 3);
INSERT INTO `Toppick_Schema`.`PuntoDeVentaXHorario` (`PuntoDeVenta_idPuntodeVenta`, `Horario_idHorario`, `Día_idDía`) VALUES (18, 4, 4);
INSERT INTO `Toppick_Schema`.`PuntoDeVentaXHorario` (`PuntoDeVenta_idPuntodeVenta`, `Horario_idHorario`, `Día_idDía`) VALUES (18, 4, 5);
INSERT INTO `Toppick_Schema`.`PuntoDeVentaXHorario` (`PuntoDeVenta_idPuntodeVenta`, `Horario_idHorario`, `Día_idDía`) VALUES (18, 2, 6);
INSERT INTO `Toppick_Schema`.`PuntoDeVentaXHorario` (`PuntoDeVenta_idPuntodeVenta`, `Horario_idHorario`, `Día_idDía`) VALUES (19, 5, 1);
INSERT INTO `Toppick_Schema`.`PuntoDeVentaXHorario` (`PuntoDeVenta_idPuntodeVenta`, `Horario_idHorario`, `Día_idDía`) VALUES (19, 5, 2);
INSERT INTO `Toppick_Schema`.`PuntoDeVentaXHorario` (`PuntoDeVenta_idPuntodeVenta`, `Horario_idHorario`, `Día_idDía`) VALUES (19, 5, 3);
INSERT INTO `Toppick_Schema`.`PuntoDeVentaXHorario` (`PuntoDeVenta_idPuntodeVenta`, `Horario_idHorario`, `Día_idDía`) VALUES (19, 5, 4);
INSERT INTO `Toppick_Schema`.`PuntoDeVentaXHorario` (`PuntoDeVenta_idPuntodeVenta`, `Horario_idHorario`, `Día_idDía`) VALUES (19, 5, 5);
INSERT INTO `Toppick_Schema`.`PuntoDeVentaXHorario` (`PuntoDeVenta_idPuntodeVenta`, `Horario_idHorario`, `Día_idDía`) VALUES (19, 2, 6);
INSERT INTO `Toppick_Schema`.`PuntoDeVentaXHorario` (`PuntoDeVenta_idPuntodeVenta`, `Horario_idHorario`, `Día_idDía`) VALUES (20, 1, 1);
INSERT INTO `Toppick_Schema`.`PuntoDeVentaXHorario` (`PuntoDeVenta_idPuntodeVenta`, `Horario_idHorario`, `Día_idDía`) VALUES (20, 1, 2);
INSERT INTO `Toppick_Schema`.`PuntoDeVentaXHorario` (`PuntoDeVenta_idPuntodeVenta`, `Horario_idHorario`, `Día_idDía`) VALUES (20, 1, 3);
INSERT INTO `Toppick_Schema`.`PuntoDeVentaXHorario` (`PuntoDeVenta_idPuntodeVenta`, `Horario_idHorario`, `Día_idDía`) VALUES (20, 1, 4);
INSERT INTO `Toppick_Schema`.`PuntoDeVentaXHorario` (`PuntoDeVenta_idPuntodeVenta`, `Horario_idHorario`, `Día_idDía`) VALUES (20, 1, 5);
INSERT INTO `Toppick_Schema`.`PuntoDeVentaXHorario` (`PuntoDeVenta_idPuntodeVenta`, `Horario_idHorario`, `Día_idDía`) VALUES (20, 2, 6);
INSERT INTO `Toppick_Schema`.`PuntoDeVentaXHorario` (`PuntoDeVenta_idPuntodeVenta`, `Horario_idHorario`, `Día_idDía`) VALUES (21, 14, 1);
INSERT INTO `Toppick_Schema`.`PuntoDeVentaXHorario` (`PuntoDeVenta_idPuntodeVenta`, `Horario_idHorario`, `Día_idDía`) VALUES (21, 14, 2);
INSERT INTO `Toppick_Schema`.`PuntoDeVentaXHorario` (`PuntoDeVenta_idPuntodeVenta`, `Horario_idHorario`, `Día_idDía`) VALUES (21, 14, 3);
INSERT INTO `Toppick_Schema`.`PuntoDeVentaXHorario` (`PuntoDeVenta_idPuntodeVenta`, `Horario_idHorario`, `Día_idDía`) VALUES (21, 14, 4);
INSERT INTO `Toppick_Schema`.`PuntoDeVentaXHorario` (`PuntoDeVenta_idPuntodeVenta`, `Horario_idHorario`, `Día_idDía`) VALUES (21, 14, 5);
INSERT INTO `Toppick_Schema`.`PuntoDeVentaXHorario` (`PuntoDeVenta_idPuntodeVenta`, `Horario_idHorario`, `Día_idDía`) VALUES (22, 15, 1);
INSERT INTO `Toppick_Schema`.`PuntoDeVentaXHorario` (`PuntoDeVenta_idPuntodeVenta`, `Horario_idHorario`, `Día_idDía`) VALUES (22, 15, 2);
INSERT INTO `Toppick_Schema`.`PuntoDeVentaXHorario` (`PuntoDeVenta_idPuntodeVenta`, `Horario_idHorario`, `Día_idDía`) VALUES (22, 15, 3);
INSERT INTO `Toppick_Schema`.`PuntoDeVentaXHorario` (`PuntoDeVenta_idPuntodeVenta`, `Horario_idHorario`, `Día_idDía`) VALUES (22, 15, 4);
INSERT INTO `Toppick_Schema`.`PuntoDeVentaXHorario` (`PuntoDeVenta_idPuntodeVenta`, `Horario_idHorario`, `Día_idDía`) VALUES (22, 15, 5);
INSERT INTO `Toppick_Schema`.`PuntoDeVentaXHorario` (`PuntoDeVenta_idPuntodeVenta`, `Horario_idHorario`, `Día_idDía`) VALUES (23, 11, 1);
INSERT INTO `Toppick_Schema`.`PuntoDeVentaXHorario` (`PuntoDeVenta_idPuntodeVenta`, `Horario_idHorario`, `Día_idDía`) VALUES (23, 11, 2);
INSERT INTO `Toppick_Schema`.`PuntoDeVentaXHorario` (`PuntoDeVenta_idPuntodeVenta`, `Horario_idHorario`, `Día_idDía`) VALUES (23, 11, 3);
INSERT INTO `Toppick_Schema`.`PuntoDeVentaXHorario` (`PuntoDeVenta_idPuntodeVenta`, `Horario_idHorario`, `Día_idDía`) VALUES (23, 11, 4);
INSERT INTO `Toppick_Schema`.`PuntoDeVentaXHorario` (`PuntoDeVenta_idPuntodeVenta`, `Horario_idHorario`, `Día_idDía`) VALUES (23, 11, 5);
INSERT INTO `Toppick_Schema`.`PuntoDeVentaXHorario` (`PuntoDeVenta_idPuntodeVenta`, `Horario_idHorario`, `Día_idDía`) VALUES (24, 12, 1);
INSERT INTO `Toppick_Schema`.`PuntoDeVentaXHorario` (`PuntoDeVenta_idPuntodeVenta`, `Horario_idHorario`, `Día_idDía`) VALUES (24, 12, 2);
INSERT INTO `Toppick_Schema`.`PuntoDeVentaXHorario` (`PuntoDeVenta_idPuntodeVenta`, `Horario_idHorario`, `Día_idDía`) VALUES (24, 12, 3);
INSERT INTO `Toppick_Schema`.`PuntoDeVentaXHorario` (`PuntoDeVenta_idPuntodeVenta`, `Horario_idHorario`, `Día_idDía`) VALUES (24, 12, 4);
INSERT INTO `Toppick_Schema`.`PuntoDeVentaXHorario` (`PuntoDeVenta_idPuntodeVenta`, `Horario_idHorario`, `Día_idDía`) VALUES (24, 12, 5);
INSERT INTO `Toppick_Schema`.`PuntoDeVentaXHorario` (`PuntoDeVenta_idPuntodeVenta`, `Horario_idHorario`, `Día_idDía`) VALUES (24, 13, 6);
INSERT INTO `Toppick_Schema`.`PuntoDeVentaXHorario` (`PuntoDeVenta_idPuntodeVenta`, `Horario_idHorario`, `Día_idDía`) VALUES (17, 12, 1);
INSERT INTO `Toppick_Schema`.`PuntoDeVentaXHorario` (`PuntoDeVenta_idPuntodeVenta`, `Horario_idHorario`, `Día_idDía`) VALUES (17, 12, 2);
INSERT INTO `Toppick_Schema`.`PuntoDeVentaXHorario` (`PuntoDeVenta_idPuntodeVenta`, `Horario_idHorario`, `Día_idDía`) VALUES (17, 12, 3);
INSERT INTO `Toppick_Schema`.`PuntoDeVentaXHorario` (`PuntoDeVenta_idPuntodeVenta`, `Horario_idHorario`, `Día_idDía`) VALUES (17, 12, 4);
INSERT INTO `Toppick_Schema`.`PuntoDeVentaXHorario` (`PuntoDeVenta_idPuntodeVenta`, `Horario_idHorario`, `Día_idDía`) VALUES (17, 12, 5);
INSERT INTO `Toppick_Schema`.`PuntoDeVentaXHorario` (`PuntoDeVenta_idPuntodeVenta`, `Horario_idHorario`, `Día_idDía`) VALUES (17, 11, 6);

COMMIT;


-- -----------------------------------------------------
-- Data for table `Toppick_Schema`.`Especialidad`
-- -----------------------------------------------------
START TRANSACTION;
USE `Toppick_Schema`;
INSERT INTO `Toppick_Schema`.`Especialidad` (`Producto_idProducto`, `horaInicioDisponibilidad`, `horaFinDisponibilidad`) VALUES (1, '11:30', '16:00');
INSERT INTO `Toppick_Schema`.`Especialidad` (`Producto_idProducto`, `horaInicioDisponibilidad`, `horaFinDisponibilidad`) VALUES (2, '11:30', '16:00');
INSERT INTO `Toppick_Schema`.`Especialidad` (`Producto_idProducto`, `horaInicioDisponibilidad`, `horaFinDisponibilidad`) VALUES (3, '11:30', '16:00');
INSERT INTO `Toppick_Schema`.`Especialidad` (`Producto_idProducto`, `horaInicioDisponibilidad`, `horaFinDisponibilidad`) VALUES (4, '11:30', '16:00');
INSERT INTO `Toppick_Schema`.`Especialidad` (`Producto_idProducto`, `horaInicioDisponibilidad`, `horaFinDisponibilidad`) VALUES (5, '11:00', '16:00');
INSERT INTO `Toppick_Schema`.`Especialidad` (`Producto_idProducto`, `horaInicioDisponibilidad`, `horaFinDisponibilidad`) VALUES (6, '11:00', '16:00');
INSERT INTO `Toppick_Schema`.`Especialidad` (`Producto_idProducto`, `horaInicioDisponibilidad`, `horaFinDisponibilidad`) VALUES (7, '06:00', '11:00');
INSERT INTO `Toppick_Schema`.`Especialidad` (`Producto_idProducto`, `horaInicioDisponibilidad`, `horaFinDisponibilidad`) VALUES (8, '06:00', '11:00');
INSERT INTO `Toppick_Schema`.`Especialidad` (`Producto_idProducto`, `horaInicioDisponibilidad`, `horaFinDisponibilidad`) VALUES (9, '06:00', '11:00');
INSERT INTO `Toppick_Schema`.`Especialidad` (`Producto_idProducto`, `horaInicioDisponibilidad`, `horaFinDisponibilidad`) VALUES (10, '06:00', '11:00');
INSERT INTO `Toppick_Schema`.`Especialidad` (`Producto_idProducto`, `horaInicioDisponibilidad`, `horaFinDisponibilidad`) VALUES (11, '06:00', '11:00');
INSERT INTO `Toppick_Schema`.`Especialidad` (`Producto_idProducto`, `horaInicioDisponibilidad`, `horaFinDisponibilidad`) VALUES (12, '06:00', '11:00');
INSERT INTO `Toppick_Schema`.`Especialidad` (`Producto_idProducto`, `horaInicioDisponibilidad`, `horaFinDisponibilidad`) VALUES (13, '06:00', '11:00');
INSERT INTO `Toppick_Schema`.`Especialidad` (`Producto_idProducto`, `horaInicioDisponibilidad`, `horaFinDisponibilidad`) VALUES (14, '06:00', '11:00');
INSERT INTO `Toppick_Schema`.`Especialidad` (`Producto_idProducto`, `horaInicioDisponibilidad`, `horaFinDisponibilidad`) VALUES (15, '06:00', '11:00');
INSERT INTO `Toppick_Schema`.`Especialidad` (`Producto_idProducto`, `horaInicioDisponibilidad`, `horaFinDisponibilidad`) VALUES (16, '06:00', '11:00');

COMMIT;


-- -----------------------------------------------------
-- Data for table `Toppick_Schema`.`Acompañamiento`
-- -----------------------------------------------------
START TRANSACTION;
USE `Toppick_Schema`;
INSERT INTO `Toppick_Schema`.`Acompañamiento` (`idAcompañamiento`, `nombreAcompañamiento`, `tipo`) VALUES (1, 'Sour Cream', 'Burrito');
INSERT INTO `Toppick_Schema`.`Acompañamiento` (`idAcompañamiento`, `nombreAcompañamiento`, `tipo`) VALUES (2, 'Queso', 'Burrito');
INSERT INTO `Toppick_Schema`.`Acompañamiento` (`idAcompañamiento`, `nombreAcompañamiento`, `tipo`) VALUES (3, 'Lechuga', 'Burrtio');
INSERT INTO `Toppick_Schema`.`Acompañamiento` (`idAcompañamiento`, `nombreAcompañamiento`, `tipo`) VALUES (4, 'Gucamole', 'Burrito');
INSERT INTO `Toppick_Schema`.`Acompañamiento` (`idAcompañamiento`, `nombreAcompañamiento`, `tipo`) VALUES (5, 'Pico de Gallo', 'Burrito');
INSERT INTO `Toppick_Schema`.`Acompañamiento` (`idAcompañamiento`, `nombreAcompañamiento`, `tipo`) VALUES (6, 'Maíz', 'Burrito');
INSERT INTO `Toppick_Schema`.`Acompañamiento` (`idAcompañamiento`, `nombreAcompañamiento`, `tipo`) VALUES (7, 'Salsa Roja', 'Burrito');
INSERT INTO `Toppick_Schema`.`Acompañamiento` (`idAcompañamiento`, `nombreAcompañamiento`, `tipo`) VALUES (8, 'Salsa Verde', 'Burrito');
INSERT INTO `Toppick_Schema`.`Acompañamiento` (`idAcompañamiento`, `nombreAcompañamiento`, `tipo`) VALUES (9, 'Apio', 'Teppanyaki');
INSERT INTO `Toppick_Schema`.`Acompañamiento` (`idAcompañamiento`, `nombreAcompañamiento`, `tipo`) VALUES (10, 'Cebolla Cabezona', 'Teppanyaki');
INSERT INTO `Toppick_Schema`.`Acompañamiento` (`idAcompañamiento`, `nombreAcompañamiento`, `tipo`) VALUES (11, 'Pimentón Rojo', 'Teppanyaki');
INSERT INTO `Toppick_Schema`.`Acompañamiento` (`idAcompañamiento`, `nombreAcompañamiento`, `tipo`) VALUES (12, 'Zuchini Amarilla', 'Teppanyaki');
INSERT INTO `Toppick_Schema`.`Acompañamiento` (`idAcompañamiento`, `nombreAcompañamiento`, `tipo`) VALUES (13, 'Zuchini Verde', 'Teppanyaki');
INSERT INTO `Toppick_Schema`.`Acompañamiento` (`idAcompañamiento`, `nombreAcompañamiento`, `tipo`) VALUES (14, 'Calamar', 'Teppanyaki');
INSERT INTO `Toppick_Schema`.`Acompañamiento` (`idAcompañamiento`, `nombreAcompañamiento`, `tipo`) VALUES (15, 'Pollo', 'Teppanyaki');
INSERT INTO `Toppick_Schema`.`Acompañamiento` (`idAcompañamiento`, `nombreAcompañamiento`, `tipo`) VALUES (16, 'Cerdo', 'Teppanyaki');
INSERT INTO `Toppick_Schema`.`Acompañamiento` (`idAcompañamiento`, `nombreAcompañamiento`, `tipo`) VALUES (17, 'Filte de Pescado', 'Teppanyaki');
INSERT INTO `Toppick_Schema`.`Acompañamiento` (`idAcompañamiento`, `nombreAcompañamiento`, `tipo`) VALUES (18, 'Huevo', 'Teppanyaki');

COMMIT;


-- -----------------------------------------------------
-- Data for table `Toppick_Schema`.`AcompañamientoXEspecialidad`
-- -----------------------------------------------------
START TRANSACTION;
USE `Toppick_Schema`;
INSERT INTO `Toppick_Schema`.`AcompañamientoXEspecialidad` (`Especialidad_Producto_idProducto`, `Acompañamiento_idAcompañamiento`) VALUES (1, 1);
INSERT INTO `Toppick_Schema`.`AcompañamientoXEspecialidad` (`Especialidad_Producto_idProducto`, `Acompañamiento_idAcompañamiento`) VALUES (1, 2);
INSERT INTO `Toppick_Schema`.`AcompañamientoXEspecialidad` (`Especialidad_Producto_idProducto`, `Acompañamiento_idAcompañamiento`) VALUES (1, 3);
INSERT INTO `Toppick_Schema`.`AcompañamientoXEspecialidad` (`Especialidad_Producto_idProducto`, `Acompañamiento_idAcompañamiento`) VALUES (1, 4);
INSERT INTO `Toppick_Schema`.`AcompañamientoXEspecialidad` (`Especialidad_Producto_idProducto`, `Acompañamiento_idAcompañamiento`) VALUES (1, 5);
INSERT INTO `Toppick_Schema`.`AcompañamientoXEspecialidad` (`Especialidad_Producto_idProducto`, `Acompañamiento_idAcompañamiento`) VALUES (1, 6);
INSERT INTO `Toppick_Schema`.`AcompañamientoXEspecialidad` (`Especialidad_Producto_idProducto`, `Acompañamiento_idAcompañamiento`) VALUES (1, 7);
INSERT INTO `Toppick_Schema`.`AcompañamientoXEspecialidad` (`Especialidad_Producto_idProducto`, `Acompañamiento_idAcompañamiento`) VALUES (1, 8);
INSERT INTO `Toppick_Schema`.`AcompañamientoXEspecialidad` (`Especialidad_Producto_idProducto`, `Acompañamiento_idAcompañamiento`) VALUES (2, 1);
INSERT INTO `Toppick_Schema`.`AcompañamientoXEspecialidad` (`Especialidad_Producto_idProducto`, `Acompañamiento_idAcompañamiento`) VALUES (2, 2);
INSERT INTO `Toppick_Schema`.`AcompañamientoXEspecialidad` (`Especialidad_Producto_idProducto`, `Acompañamiento_idAcompañamiento`) VALUES (2, 3);
INSERT INTO `Toppick_Schema`.`AcompañamientoXEspecialidad` (`Especialidad_Producto_idProducto`, `Acompañamiento_idAcompañamiento`) VALUES (2, 4);
INSERT INTO `Toppick_Schema`.`AcompañamientoXEspecialidad` (`Especialidad_Producto_idProducto`, `Acompañamiento_idAcompañamiento`) VALUES (2, 5);
INSERT INTO `Toppick_Schema`.`AcompañamientoXEspecialidad` (`Especialidad_Producto_idProducto`, `Acompañamiento_idAcompañamiento`) VALUES (2, 6);
INSERT INTO `Toppick_Schema`.`AcompañamientoXEspecialidad` (`Especialidad_Producto_idProducto`, `Acompañamiento_idAcompañamiento`) VALUES (2, 7);
INSERT INTO `Toppick_Schema`.`AcompañamientoXEspecialidad` (`Especialidad_Producto_idProducto`, `Acompañamiento_idAcompañamiento`) VALUES (2, 8);
INSERT INTO `Toppick_Schema`.`AcompañamientoXEspecialidad` (`Especialidad_Producto_idProducto`, `Acompañamiento_idAcompañamiento`) VALUES (3, 1);
INSERT INTO `Toppick_Schema`.`AcompañamientoXEspecialidad` (`Especialidad_Producto_idProducto`, `Acompañamiento_idAcompañamiento`) VALUES (3, 2);
INSERT INTO `Toppick_Schema`.`AcompañamientoXEspecialidad` (`Especialidad_Producto_idProducto`, `Acompañamiento_idAcompañamiento`) VALUES (3, 3);
INSERT INTO `Toppick_Schema`.`AcompañamientoXEspecialidad` (`Especialidad_Producto_idProducto`, `Acompañamiento_idAcompañamiento`) VALUES (3, 4);
INSERT INTO `Toppick_Schema`.`AcompañamientoXEspecialidad` (`Especialidad_Producto_idProducto`, `Acompañamiento_idAcompañamiento`) VALUES (3, 5);
INSERT INTO `Toppick_Schema`.`AcompañamientoXEspecialidad` (`Especialidad_Producto_idProducto`, `Acompañamiento_idAcompañamiento`) VALUES (3, 6);
INSERT INTO `Toppick_Schema`.`AcompañamientoXEspecialidad` (`Especialidad_Producto_idProducto`, `Acompañamiento_idAcompañamiento`) VALUES (3, 7);
INSERT INTO `Toppick_Schema`.`AcompañamientoXEspecialidad` (`Especialidad_Producto_idProducto`, `Acompañamiento_idAcompañamiento`) VALUES (3, 8);
INSERT INTO `Toppick_Schema`.`AcompañamientoXEspecialidad` (`Especialidad_Producto_idProducto`, `Acompañamiento_idAcompañamiento`) VALUES (4, 1);
INSERT INTO `Toppick_Schema`.`AcompañamientoXEspecialidad` (`Especialidad_Producto_idProducto`, `Acompañamiento_idAcompañamiento`) VALUES (4, 2);
INSERT INTO `Toppick_Schema`.`AcompañamientoXEspecialidad` (`Especialidad_Producto_idProducto`, `Acompañamiento_idAcompañamiento`) VALUES (4, 3);
INSERT INTO `Toppick_Schema`.`AcompañamientoXEspecialidad` (`Especialidad_Producto_idProducto`, `Acompañamiento_idAcompañamiento`) VALUES (4, 4);
INSERT INTO `Toppick_Schema`.`AcompañamientoXEspecialidad` (`Especialidad_Producto_idProducto`, `Acompañamiento_idAcompañamiento`) VALUES (4, 5);
INSERT INTO `Toppick_Schema`.`AcompañamientoXEspecialidad` (`Especialidad_Producto_idProducto`, `Acompañamiento_idAcompañamiento`) VALUES (4, 6);
INSERT INTO `Toppick_Schema`.`AcompañamientoXEspecialidad` (`Especialidad_Producto_idProducto`, `Acompañamiento_idAcompañamiento`) VALUES (4, 7);
INSERT INTO `Toppick_Schema`.`AcompañamientoXEspecialidad` (`Especialidad_Producto_idProducto`, `Acompañamiento_idAcompañamiento`) VALUES (4, 8);
INSERT INTO `Toppick_Schema`.`AcompañamientoXEspecialidad` (`Especialidad_Producto_idProducto`, `Acompañamiento_idAcompañamiento`) VALUES (5, 9);
INSERT INTO `Toppick_Schema`.`AcompañamientoXEspecialidad` (`Especialidad_Producto_idProducto`, `Acompañamiento_idAcompañamiento`) VALUES (5, 10);
INSERT INTO `Toppick_Schema`.`AcompañamientoXEspecialidad` (`Especialidad_Producto_idProducto`, `Acompañamiento_idAcompañamiento`) VALUES (5, 11);
INSERT INTO `Toppick_Schema`.`AcompañamientoXEspecialidad` (`Especialidad_Producto_idProducto`, `Acompañamiento_idAcompañamiento`) VALUES (5, 12);
INSERT INTO `Toppick_Schema`.`AcompañamientoXEspecialidad` (`Especialidad_Producto_idProducto`, `Acompañamiento_idAcompañamiento`) VALUES (5, 13);
INSERT INTO `Toppick_Schema`.`AcompañamientoXEspecialidad` (`Especialidad_Producto_idProducto`, `Acompañamiento_idAcompañamiento`) VALUES (6, 9);
INSERT INTO `Toppick_Schema`.`AcompañamientoXEspecialidad` (`Especialidad_Producto_idProducto`, `Acompañamiento_idAcompañamiento`) VALUES (6, 10);
INSERT INTO `Toppick_Schema`.`AcompañamientoXEspecialidad` (`Especialidad_Producto_idProducto`, `Acompañamiento_idAcompañamiento`) VALUES (6, 11);
INSERT INTO `Toppick_Schema`.`AcompañamientoXEspecialidad` (`Especialidad_Producto_idProducto`, `Acompañamiento_idAcompañamiento`) VALUES (6, 12);
INSERT INTO `Toppick_Schema`.`AcompañamientoXEspecialidad` (`Especialidad_Producto_idProducto`, `Acompañamiento_idAcompañamiento`) VALUES (6, 13);
INSERT INTO `Toppick_Schema`.`AcompañamientoXEspecialidad` (`Especialidad_Producto_idProducto`, `Acompañamiento_idAcompañamiento`) VALUES (6, 14);
INSERT INTO `Toppick_Schema`.`AcompañamientoXEspecialidad` (`Especialidad_Producto_idProducto`, `Acompañamiento_idAcompañamiento`) VALUES (6, 15);
INSERT INTO `Toppick_Schema`.`AcompañamientoXEspecialidad` (`Especialidad_Producto_idProducto`, `Acompañamiento_idAcompañamiento`) VALUES (6, 16);
INSERT INTO `Toppick_Schema`.`AcompañamientoXEspecialidad` (`Especialidad_Producto_idProducto`, `Acompañamiento_idAcompañamiento`) VALUES (6, 17);
INSERT INTO `Toppick_Schema`.`AcompañamientoXEspecialidad` (`Especialidad_Producto_idProducto`, `Acompañamiento_idAcompañamiento`) VALUES (6, 18);

COMMIT;

